lead_id,company_size,industry,page_views_30d,demo_attended,email_opens_30d,sales_calls,days_in_pipeline,Converted
L00001,1-10,Manufacturing,10,No,7,4,50,Yes
L00002,51-200,Finance,13,Yes,2,2,6,Yes
L00003,11-50,Healthcare,7,No,4,1,80,No
L00004,51-200,Healthcare,11,No,5,1,54,No
L00005,201-1000,Tech,11,No,3,1,87,No
L00006,11-50,Tech,11,No,3,2,71,Yes
L00007,11-50,Retail,7,No,2,5,29,Yes
L00008,1-10,Retail,17,No,2,2,24,Yes
L00009,1-10,Manufacturing,9,No,3,4,44,No
L00010,11-50,Retail,14,Yes,3,5,43,Yes
L00011,51-200,Manufacturing,12,Yes,2,1,75,Yes
L00012,51-200,Tech,7,Yes,9,2,46,Yes
L00013,11-50,Retail,13,No,6,2,40,No
L00014,1-10,Manufacturing,6,Yes,7,2,48,Yes
L00015,1-10,Healthcare,7,No,5,2,31,No
L00016,201-1000,Tech,5,No,7,2,26,Yes
L00017,1-10,Manufacturing,13,Yes,5,1,4,Yes
L00018,11-50,Healthcare,14,No,5,0,83,No
L00019,201-1000,Finance,8,Yes,6,2,45,Yes
L00020,1-10,Finance,17,No,4,1,15,No
L00021,11-50,Manufacturing,10,No,2,3,28,No
L00022,201-1000,Finance,10,Yes,4,1,57,No
L00023,1-10,Manufacturing,14,No,1,3,46,Yes
L00024,11-50,Finance,21,No,5,3,10,Yes
L00025,201-1000,Retail,10,Yes,7,2,41,Yes
L00026,1-10,Manufacturing,14,No,0,4,26,No
L00027,11-50,Finance,13,Yes,4,2,54,No
L00028,51-200,Retail,15,No,4,1,82,No
L00029,51-200,Tech,14,No,6,1,74,No
L00030,11-50,Retail,16,No,3,2,24,No
L00031,1-10,Retail,13,No,4,1,29,No
L00032,11-50,Finance,9,No,4,1,61,No
L00033,11-50,Finance,12,Yes,9,4,6,Yes
L00034,11-50,Retail,8,No,7,1,25,No
L00035,11-50,Tech,7,Yes,4,4,8,Yes
L00036,51-200,Finance,16,No,3,0,80,No
L00037,51-200,Healthcare,10,No,6,0,46,No
L00038,11-50,Retail,11,No,7,3,19,Yes
L00039,11-50,Finance,21,No,3,5,6,Yes
L00040,1-10,Healthcare,8,No,8,5,33,No
L00041,11-50,Tech,14,Yes,8,0,35,No
L00042,11-50,Finance,10,Yes,5,2,10,Yes
L00043,51-200,Manufacturing,12,Yes,3,0,59,No
L00044,11-50,Manufacturing,15,No,7,0,16,No
L00045,11-50,Retail,9,No,2,1,74,No
L00046,51-200,Manufacturing,17,No,2,0,1,No
L00047,11-50,Healthcare,5,No,6,2,51,Yes
L00048,201-1000,Tech,15,No,6,2,61,No
L00049,1-10,Manufacturing,9,No,2,0,56,No
L00050,51-200,Tech,11,No,4,2,52,Yes
L00051,11-50,Retail,7,Yes,4,0,86,Yes
L00052,11-50,Manufacturing,18,No,7,2,41,Yes
L00053,11-50,Retail,12,No,4,6,27,No
L00054,11-50,Retail,13,No,4,3,52,No
L00055,11-50,Tech,16,No,7,1,24,No
L00056,1-10,Finance,9,No,7,3,12,No
L00057,1-10,Tech,8,Yes,3,0,1,Yes
L00058,51-200,Tech,15,No,6,1,21,No
L00059,11-50,Healthcare,10,No,5,1,29,No
L00060,51-200,Retail,9,No,5,2,50,No
L00061,201-1000,Retail,13,Yes,7,0,15,Yes
L00062,51-200,Tech,10,No,5,1,19,No
L00063,1-10,Healthcare,12,No,4,2,63,Yes
L00064,11-50,Retail,13,No,6,2,80,No
L00065,11-50,Healthcare,7,No,6,1,54,No
L00066,1-10,Finance,18,No,5,3,14,No
L00067,201-1000,Retail,11,No,5,4,39,Yes
L00068,201-1000,Manufacturing,14,No,3,1,80,No
L00069,51-200,Healthcare,13,No,2,2,50,No
L00070,11-50,Retail,9,Yes,3,5,35,Yes
L00071,51-200,Tech,14,No,6,1,67,No
L00072,1-10,Tech,11,No,6,0,74,Yes
L00073,11-50,Manufacturing,9,Yes,7,1,9,Yes
L00074,11-50,Healthcare,17,No,5,4,3,No
L00075,51-200,Healthcare,11,Yes,3,4,62,No
L00076,11-50,Tech,13,No,4,3,68,Yes
L00077,1-10,Manufacturing,15,Yes,3,3,71,No
L00078,11-50,Finance,7,No,7,1,64,No
L00079,11-50,Healthcare,8,No,3,1,13,No
L00080,11-50,Finance,4,No,6,2,31,Yes
L00081,1-10,Healthcare,11,No,5,3,7,No
L00082,11-50,Tech,13,No,6,1,24,No
L00083,11-50,Manufacturing,12,No,6,1,89,No
L00084,51-200,Tech,9,Yes,5,0,17,Yes
L00085,51-200,Tech,15,Yes,6,1,33,Yes
L00086,11-50,Finance,14,No,4,1,5,No
L00087,11-50,Healthcare,15,No,4,1,83,No
L00088,51-200,Healthcare,12,Yes,3,2,31,Yes
L00089,51-200,Retail,15,No,7,1,9,No
L00090,51-200,Finance,13,No,5,3,75,No
L00091,51-200,Healthcare,10,No,7,3,50,No
L00092,201-1000,Manufacturing,7,No,8,2,10,No
L00093,1-10,Tech,9,No,3,3,76,No
L00094,51-200,Healthcare,11,No,5,1,74,Yes
L00095,1-10,Retail,19,No,9,3,89,No
L00096,11-50,Manufacturing,13,No,1,1,83,Yes
L00097,51-200,Retail,11,Yes,5,0,69,No
L00098,51-200,Healthcare,6,No,2,2,41,No
L00099,1-10,Healthcare,12,No,6,1,8,No
L00100,51-200,Tech,10,No,5,2,52,No
L00101,1-10,Finance,16,Yes,7,3,11,Yes
L00102,11-50,Tech,12,No,6,2,70,No
L00103,51-200,Retail,8,Yes,5,2,41,Yes
L00104,11-50,Retail,12,No,7,3,30,Yes
L00105,11-50,Tech,8,No,6,3,75,Yes
L00106,51-200,Healthcare,12,Yes,5,2,71,No
L00107,51-200,Retail,11,No,3,2,49,No
L00108,51-200,Healthcare,16,No,9,2,8,Yes
L00109,1-10,Manufacturing,13,No,9,1,81,No
L00110,11-50,Retail,12,Yes,4,2,23,No
L00111,11-50,Manufacturing,16,Yes,3,2,4,Yes
L00112,1-10,Healthcare,13,No,4,1,82,No
L00113,11-50,Finance,11,Yes,3,5,85,Yes
L00114,11-50,Retail,12,No,7,3,34,Yes
L00115,51-200,Retail,16,No,7,0,59,No
L00116,201-1000,Manufacturing,15,No,4,2,5,No
L00117,1-10,Manufacturing,10,No,3,0,52,No
L00118,1-10,Tech,10,Yes,8,1,18,Yes
L00119,51-200,Tech,9,No,3,1,42,No
L00120,1-10,Healthcare,7,No,5,3,37,No
L00121,1-10,Retail,8,No,8,3,55,No
L00122,11-50,Healthcare,8,No,6,2,22,No
L00123,1-10,Tech,9,Yes,6,0,39,Yes
L00124,51-200,Manufacturing,11,No,7,2,27,No
L00125,51-200,Finance,16,No,10,6,37,Yes
L00126,1-10,Healthcare,15,No,4,2,73,No
L00127,11-50,Retail,8,Yes,4,1,63,Yes
L00128,51-200,Finance,11,No,5,0,59,No
L00129,201-1000,Healthcare,9,No,6,3,5,No
L00130,1-10,Healthcare,12,No,5,3,22,No
L00131,1-10,Manufacturing,8,No,2,0,79,No
L00132,51-200,Manufacturing,14,No,1,0,39,Yes
L00133,201-1000,Retail,14,No,7,2,53,Yes
L00134,1-10,Healthcare,18,No,7,1,52,No
L00135,11-50,Retail,10,No,5,1,18,No
L00136,51-200,Manufacturing,10,No,5,1,59,No
L00137,51-200,Manufacturing,16,Yes,6,2,15,Yes
L00138,1-10,Manufacturing,12,No,5,6,41,No
L00139,51-200,Retail,6,No,5,0,2,No
L00140,51-200,Tech,16,Yes,8,1,51,Yes
L00141,11-50,Finance,17,Yes,6,3,12,Yes
L00142,1-10,Finance,18,No,2,1,30,No
L00143,1-10,Tech,11,No,3,3,11,No
L00144,1-10,Finance,7,No,6,4,29,No
L00145,51-200,Healthcare,6,Yes,8,1,47,Yes
L00146,1-10,Retail,7,Yes,6,1,51,Yes
L00147,1-10,Healthcare,8,No,4,4,27,No
L00148,11-50,Finance,12,No,7,2,35,No
L00149,1-10,Manufacturing,15,Yes,9,1,47,Yes
L00150,1-10,Finance,17,No,4,2,70,No
L00151,1-10,Healthcare,12,No,3,2,75,No
L00152,11-50,Manufacturing,13,Yes,7,0,11,Yes
L00153,51-200,Retail,15,Yes,4,1,70,No
L00154,11-50,Healthcare,12,No,5,4,67,No
L00155,1-10,Healthcare,8,Yes,3,2,65,No
L00156,11-50,Retail,6,Yes,4,1,80,Yes
L00157,11-50,Finance,18,Yes,3,1,65,Yes
L00158,201-1000,Retail,14,No,4,0,51,No
L00159,201-1000,Finance,4,Yes,8,3,81,Yes
L00160,1-10,Manufacturing,15,Yes,4,6,81,Yes
L00161,1-10,Tech,8,No,2,1,40,No
L00162,51-200,Tech,13,Yes,4,1,88,Yes
L00163,201-1000,Finance,12,No,6,2,47,Yes
L00164,11-50,Retail,11,Yes,4,1,50,No
L00165,51-200,Tech,8,No,5,3,43,Yes
L00166,51-200,Manufacturing,7,No,4,0,34,No
L00167,11-50,Retail,12,No,4,0,82,Yes
L00168,51-200,Healthcare,10,No,8,3,59,No
L00169,1-10,Finance,11,No,6,2,54,No
L00170,1-10,Manufacturing,17,No,4,2,43,No
L00171,1-10,Tech,20,No,6,3,18,No
L00172,1-10,Healthcare,20,No,4,2,44,No
L00173,201-1000,Manufacturing,18,Yes,10,1,25,No
L00174,1-10,Retail,16,Yes,6,4,48,Yes
L00175,51-200,Manufacturing,9,Yes,4,2,34,Yes
L00176,1-10,Healthcare,14,No,4,6,83,No
L00177,11-50,Retail,12,Yes,9,3,45,Yes
L00178,11-50,Retail,15,No,1,2,66,No
L00179,1-10,Tech,16,No,5,4,25,No
L00180,11-50,Retail,10,No,2,2,17,No
L00181,11-50,Healthcare,12,No,7,2,20,No
L00182,11-50,Healthcare,8,No,5,1,81,No
L00183,51-200,Healthcare,11,Yes,4,1,32,Yes
L00184,1-10,Retail,8,Yes,4,2,26,No
L00185,1-10,Finance,15,No,6,3,31,No
L00186,11-50,Healthcare,14,Yes,4,1,38,No
L00187,11-50,Manufacturing,9,Yes,12,0,10,Yes
L00188,1-10,Healthcare,15,Yes,4,3,35,Yes
L00189,201-1000,Retail,13,No,6,3,79,No
L00190,51-200,Retail,15,Yes,6,2,19,Yes
L00191,1-10,Retail,9,Yes,8,1,44,Yes
L00192,11-50,Retail,8,Yes,7,4,74,Yes
L00193,1-10,Manufacturing,11,Yes,4,1,9,No
L00194,11-50,Healthcare,11,No,5,2,70,No
L00195,1-10,Finance,21,Yes,4,5,57,Yes
L00196,11-50,Tech,13,No,1,1,75,No
L00197,201-1000,Tech,6,No,12,1,58,No
L00198,11-50,Tech,11,No,5,0,62,No
L00199,51-200,Manufacturing,12,No,1,4,63,No
L00200,11-50,Manufacturing,14,Yes,6,4,26,Yes
L00201,51-200,Retail,19,Yes,6,3,84,Yes
L00202,1-10,Finance,11,No,9,4,44,No
L00203,51-200,Finance,13,No,3,4,74,No
L00204,201-1000,Healthcare,16,No,7,2,68,No
L00205,11-50,Tech,13,No,3,3,82,No
L00206,1-10,Tech,10,Yes,6,4,51,Yes
L00207,51-200,Manufacturing,17,Yes,5,0,41,Yes
L00208,51-200,Healthcare,13,No,6,1,33,No
L00209,51-200,Tech,22,Yes,5,1,23,Yes
L00210,1-10,Healthcare,14,No,1,1,13,No
L00211,201-1000,Healthcare,12,No,4,1,32,No
L00212,201-1000,Finance,11,No,3,1,53,No
L00213,11-50,Tech,10,No,3,3,85,No
L00214,11-50,Tech,14,No,4,0,27,No
L00215,1-10,Manufacturing,19,No,2,1,47,Yes
L00216,201-1000,Finance,12,No,7,1,11,No
L00217,51-200,Tech,13,No,8,2,75,No
L00218,11-50,Finance,11,Yes,8,1,28,Yes
L00219,51-200,Finance,15,No,4,1,75,No
L00220,1-10,Retail,10,Yes,5,1,82,No
L00221,11-50,Manufacturing,10,No,5,2,12,No
L00222,1-10,Healthcare,11,No,8,1,56,No
L00223,11-50,Manufacturing,5,Yes,3,2,76,No
L00224,1-10,Healthcare,14,Yes,7,0,36,Yes
L00225,51-200,Healthcare,13,No,4,2,14,No
L00226,11-50,Tech,12,Yes,3,0,19,Yes
L00227,11-50,Finance,6,Yes,4,3,50,Yes
L00228,1-10,Finance,18,Yes,0,1,63,Yes
L00229,51-200,Finance,17,No,6,1,32,No
L00230,51-200,Tech,12,No,6,0,48,No
L00231,11-50,Tech,19,No,8,0,17,No
L00232,1-10,Retail,10,Yes,6,1,86,No
L00233,51-200,Manufacturing,14,No,1,2,68,No
L00234,1-10,Manufacturing,14,No,4,0,69,No
L00235,51-200,Healthcare,17,Yes,5,0,75,Yes
L00236,11-50,Finance,10,Yes,4,1,63,Yes
L00237,1-10,Finance,14,No,9,1,19,No
L00238,11-50,Healthcare,12,No,6,2,1,Yes
L00239,11-50,Healthcare,11,No,5,2,47,No
L00240,1-10,Manufacturing,12,No,3,1,48,No
L00241,51-200,Healthcare,11,Yes,1,1,36,No
L00242,11-50,Healthcare,11,No,5,3,89,No
L00243,51-200,Healthcare,11,No,3,2,26,No
L00244,51-200,Healthcare,18,No,7,4,2,No
L00245,1-10,Finance,8,No,5,3,4,No
L00246,11-50,Tech,15,Yes,6,1,3,Yes
L00247,11-50,Manufacturing,7,No,8,2,74,Yes
L00248,51-200,Retail,7,Yes,10,0,29,Yes
L00249,11-50,Healthcare,12,Yes,8,1,57,Yes
L00250,11-50,Tech,9,No,8,2,6,No
L00251,51-200,Manufacturing,15,Yes,9,1,13,No
L00252,1-10,Manufacturing,7,No,3,3,79,No
L00253,11-50,Finance,16,No,6,5,5,Yes
L00254,11-50,Manufacturing,11,No,6,2,80,Yes
L00255,1-10,Healthcare,11,No,5,4,50,No
L00256,51-200,Retail,11,No,5,4,86,Yes
L00257,11-50,Healthcare,9,No,2,0,71,No
L00258,51-200,Healthcare,19,No,3,2,56,No
L00259,11-50,Healthcare,8,Yes,4,3,85,Yes
L00260,11-50,Manufacturing,18,No,5,1,19,No
L00261,201-1000,Healthcare,12,No,4,1,85,No
L00262,1-10,Retail,8,No,4,0,13,Yes
L00263,1-10,Finance,11,No,9,4,86,Yes
L00264,51-200,Retail,11,Yes,3,2,37,Yes
L00265,11-50,Finance,18,Yes,4,0,58,Yes
L00266,11-50,Retail,14,No,3,4,66,No
L00267,51-200,Retail,11,No,5,4,42,No
L00268,11-50,Manufacturing,13,No,5,2,8,No
L00269,51-200,Manufacturing,10,No,2,2,29,No
L00270,11-50,Finance,16,Yes,5,0,11,Yes
L00271,11-50,Finance,10,No,3,0,42,No
L00272,1-10,Retail,18,No,4,2,1,No
L00273,1-10,Finance,14,Yes,6,2,63,Yes
L00274,201-1000,Healthcare,16,No,1,2,9,Yes
L00275,11-50,Healthcare,16,No,7,2,86,No
L00276,1-10,Manufacturing,10,Yes,8,3,83,No
L00277,1-10,Manufacturing,15,No,5,1,37,No
L00278,51-200,Finance,9,No,2,1,61,No
L00279,1-10,Manufacturing,9,No,5,1,67,No
L00280,51-200,Finance,16,No,4,2,5,Yes
L00281,1-10,Retail,20,No,4,1,80,No
L00282,201-1000,Tech,11,Yes,4,1,3,No
L00283,11-50,Retail,10,Yes,4,0,56,Yes
L00284,1-10,Tech,15,No,5,1,10,No
L00285,201-1000,Tech,6,Yes,3,1,68,No
L00286,11-50,Manufacturing,11,No,2,1,81,No
L00287,51-200,Healthcare,13,No,6,2,46,No
L00288,11-50,Finance,14,No,4,3,86,No
L00289,1-10,Manufacturing,16,Yes,7,2,13,Yes
L00290,1-10,Retail,9,Yes,6,1,22,Yes
L00291,1-10,Healthcare,10,Yes,4,2,32,No
L00292,1-10,Healthcare,14,Yes,7,2,82,Yes
L00293,1-10,Finance,17,No,5,7,69,No
L00294,1-10,Healthcare,18,No,10,1,8,No
L00295,201-1000,Healthcare,14,Yes,9,1,73,Yes
L00296,1-10,Tech,10,Yes,1,1,3,Yes
L00297,11-50,Tech,10,No,5,1,16,No
L00298,1-10,Manufacturing,11,Yes,8,0,33,No
L00299,1-10,Manufacturing,11,Yes,5,1,52,Yes
L00300,51-200,Retail,14,No,4,1,34,No
L00301,201-1000,Healthcare,8,No,4,3,53,Yes
L00302,11-50,Manufacturing,12,No,5,0,53,No
L00303,1-10,Retail,14,No,3,2,70,No
L00304,201-1000,Healthcare,10,No,9,1,13,No
L00305,1-10,Tech,15,No,6,2,58,No
L00306,11-50,Tech,14,No,3,0,25,No
L00307,11-50,Retail,11,No,7,3,58,Yes
L00308,51-200,Tech,10,Yes,8,1,46,No
L00309,51-200,Tech,7,Yes,4,3,11,Yes
L00310,11-50,Tech,11,No,4,2,74,No
L00311,11-50,Retail,11,No,8,3,73,Yes
L00312,51-200,Tech,8,No,3,3,56,No
L00313,51-200,Finance,11,No,4,1,52,No
L00314,51-200,Manufacturing,13,Yes,7,3,43,Yes
L00315,51-200,Tech,12,No,6,2,40,No
L00316,1-10,Finance,20,No,6,3,85,Yes
L00317,1-10,Retail,17,No,5,3,78,Yes
L00318,11-50,Manufacturing,10,No,2,0,45,No
L00319,11-50,Finance,10,No,2,4,62,No
L00320,51-200,Manufacturing,11,No,5,0,55,No
L00321,1-10,Retail,12,No,5,2,42,No
L00322,51-200,Tech,11,Yes,3,2,76,Yes
L00323,11-50,Tech,12,No,3,2,9,Yes
L00324,51-200,Manufacturing,5,No,8,0,17,Yes
L00325,1-10,Retail,14,No,6,1,71,No
L00326,11-50,Healthcare,6,Yes,4,3,26,Yes
L00327,1-10,Tech,13,No,7,4,87,Yes
L00328,1-10,Retail,9,No,8,3,68,Yes
L00329,201-1000,Retail,12,No,0,0,22,No
L00330,11-50,Healthcare,9,No,6,4,3,Yes
L00331,51-200,Finance,12,Yes,3,1,38,Yes
L00332,11-50,Manufacturing,17,No,6,2,23,Yes
L00333,1-10,Finance,10,No,6,1,3,Yes
L00334,51-200,Tech,10,Yes,5,1,85,No
L00335,1-10,Retail,12,No,4,3,34,Yes
L00336,51-200,Retail,10,No,5,1,68,No
L00337,1-10,Retail,17,Yes,8,5,39,Yes
L00338,51-200,Manufacturing,9,No,4,1,24,No
L00339,1-10,Tech,12,Yes,2,3,15,Yes
L00340,11-50,Retail,14,No,4,1,34,No
L00341,201-1000,Manufacturing,11,Yes,4,2,49,No
L00342,11-50,Finance,12,No,3,0,80,Yes
L00343,51-200,Manufacturing,8,Yes,9,3,74,Yes
L00344,51-200,Tech,9,No,4,1,53,No
L00345,1-10,Retail,10,Yes,2,2,82,Yes
L00346,51-200,Tech,9,Yes,3,2,44,Yes
L00347,201-1000,Finance,9,Yes,6,2,15,Yes
L00348,1-10,Finance,7,No,8,3,38,No
L00349,11-50,Tech,3,Yes,5,3,39,Yes
L00350,1-10,Healthcare,11,No,4,1,62,Yes
L00351,51-200,Tech,12,No,4,3,59,No
L00352,1-10,Manufacturing,7,No,2,2,25,Yes
L00353,11-50,Healthcare,15,No,3,0,72,No
L00354,51-200,Healthcare,13,No,5,6,72,No
L00355,51-200,Manufacturing,10,No,5,1,10,No
L00356,1-10,Healthcare,10,Yes,5,2,30,No
L00357,51-200,Retail,13,No,2,1,33,No
L00358,1-10,Manufacturing,9,No,7,2,15,Yes
L00359,51-200,Finance,19,No,4,2,41,No
L00360,11-50,Tech,16,No,5,4,38,Yes
L00361,1-10,Retail,10,No,5,0,51,No
L00362,51-200,Finance,9,Yes,4,5,24,Yes
L00363,51-200,Healthcare,14,Yes,3,3,47,No
L00364,51-200,Retail,8,No,4,5,52,Yes
L00365,201-1000,Retail,11,No,8,3,38,No
L00366,1-10,Manufacturing,12,No,6,1,56,No
L00367,1-10,Finance,15,No,6,1,80,No
L00368,1-10,Finance,14,No,5,1,87,No
L00369,11-50,Retail,7,Yes,7,3,12,Yes
L00370,11-50,Finance,9,No,6,3,88,No
L00371,11-50,Finance,16,No,6,2,14,No
L00372,11-50,Retail,14,Yes,3,4,52,No
L00373,1-10,Retail,10,Yes,7,1,16,No
L00374,1-10,Retail,17,No,7,3,13,Yes
L00375,11-50,Manufacturing,15,Yes,1,1,15,Yes
L00376,1-10,Manufacturing,16,No,5,0,50,No
L00377,11-50,Finance,8,Yes,3,3,87,No
L00378,201-1000,Manufacturing,12,Yes,9,1,73,Yes
L00379,1-10,Manufacturing,11,Yes,2,2,12,Yes
L00380,11-50,Retail,20,No,4,2,44,No
L00381,11-50,Healthcare,9,Yes,4,2,88,Yes
L00382,1-10,Manufacturing,10,No,3,2,34,No
L00383,11-50,Manufacturing,11,No,6,3,1,No
L00384,201-1000,Healthcare,10,No,5,3,71,No
L00385,11-50,Retail,16,No,5,2,1,No
L00386,51-200,Retail,13,No,2,4,41,Yes
L00387,51-200,Retail,10,No,4,2,49,No
L00388,11-50,Tech,11,Yes,7,0,2,Yes
L00389,201-1000,Tech,11,No,5,0,8,No
L00390,11-50,Manufacturing,12,Yes,5,0,57,No
L00391,11-50,Manufacturing,12,No,7,1,79,No
L00392,51-200,Healthcare,6,Yes,8,3,42,Yes
L00393,11-50,Finance,17,Yes,8,0,87,No
L00394,51-200,Healthcare,13,No,3,0,61,No
L00395,1-10,Finance,13,Yes,3,1,23,Yes
L00396,201-1000,Retail,15,No,1,3,28,No
L00397,11-50,Manufacturing,13,No,4,1,23,No
L00398,1-10,Manufacturing,9,Yes,3,1,34,Yes
L00399,11-50,Retail,6,No,9,0,86,No
L00400,51-200,Finance,8,No,5,4,87,No
L00401,51-200,Healthcare,18,No,3,0,28,No
L00402,11-50,Manufacturing,10,Yes,4,1,36,No
L00403,11-50,Healthcare,15,No,5,1,80,No
L00404,11-50,Retail,12,Yes,5,0,52,No
L00405,201-1000,Tech,10,No,4,2,22,No
L00406,1-10,Finance,17,No,4,2,57,Yes
L00407,51-200,Retail,4,No,4,1,36,No
L00408,51-200,Healthcare,10,No,6,1,82,No
L00409,1-10,Manufacturing,10,Yes,10,1,24,Yes
L00410,11-50,Healthcare,14,Yes,5,3,41,No
L00411,11-50,Retail,14,No,0,1,50,No
L00412,51-200,Tech,16,Yes,2,3,65,Yes
L00413,201-1000,Tech,19,No,4,4,82,No
L00414,201-1000,Manufacturing,13,No,5,2,31,No
L00415,1-10,Manufacturing,17,No,6,1,23,No
L00416,1-10,Retail,15,Yes,4,1,55,No
L00417,11-50,Manufacturing,7,No,6,1,23,No
L00418,11-50,Tech,13,Yes,5,2,78,Yes
L00419,51-200,Retail,11,No,4,3,26,Yes
L00420,1-10,Manufacturing,7,Yes,7,1,45,No
L00421,11-50,Finance,10,No,3,1,74,No
L00422,201-1000,Tech,7,No,7,4,30,Yes
L00423,201-1000,Finance,12,No,3,2,16,No
L00424,201-1000,Healthcare,13,No,9,0,44,No
L00425,201-1000,Healthcare,15,No,4,1,15,Yes
L00426,201-1000,Retail,23,No,5,2,77,No
L00427,1-10,Tech,17,Yes,5,0,30,No
L00428,201-1000,Retail,13,Yes,7,3,1,Yes
L00429,1-10,Manufacturing,11,No,5,4,41,Yes
L00430,11-50,Tech,10,No,3,5,66,No
L00431,11-50,Manufacturing,11,No,4,5,86,Yes
L00432,201-1000,Healthcare,16,No,5,3,53,Yes
L00433,11-50,Finance,12,No,1,5,22,No
L00434,11-50,Retail,11,No,6,3,83,Yes
L00435,11-50,Tech,12,No,6,2,53,No
L00436,201-1000,Retail,16,No,4,3,33,No
L00437,51-200,Tech,4,Yes,2,7,82,No
L00438,1-10,Tech,17,Yes,6,1,57,Yes
L00439,1-10,Manufacturing,9,No,4,2,2,Yes
L00440,11-50,Finance,21,No,9,0,24,No
L00441,1-10,Retail,12,No,7,2,12,Yes
L00442,11-50,Finance,14,No,8,2,15,No
L00443,1-10,Retail,12,No,6,3,28,No
L00444,11-50,Tech,15,No,4,3,11,No
L00445,201-1000,Finance,12,Yes,4,0,77,No
L00446,51-200,Tech,15,No,4,4,61,No
L00447,1-10,Retail,5,Yes,5,2,13,No
L00448,1-10,Tech,11,No,7,1,34,No
L00449,11-50,Tech,14,No,5,4,64,No
L00450,11-50,Retail,12,No,5,4,1,No
L00451,11-50,Retail,10,No,8,0,46,Yes
L00452,1-10,Finance,12,No,1,2,88,No
L00453,11-50,Tech,14,No,5,4,58,No
L00454,1-10,Manufacturing,12,No,9,1,13,Yes
L00455,51-200,Manufacturing,18,No,2,6,49,No
L00456,51-200,Healthcare,12,Yes,6,2,77,Yes
L00457,11-50,Healthcare,8,No,4,3,21,No
L00458,51-200,Tech,17,No,4,1,84,No
L00459,11-50,Healthcare,17,No,4,2,21,No
L00460,11-50,Finance,12,No,6,3,54,Yes
L00461,11-50,Tech,10,Yes,2,2,72,No
L00462,11-50,Tech,14,No,3,3,76,No
L00463,201-1000,Tech,19,No,11,2,53,Yes
L00464,51-200,Finance,15,No,2,2,48,No
L00465,51-200,Retail,11,No,2,0,19,No
L00466,1-10,Healthcare,7,No,8,4,31,Yes
L00467,11-50,Manufacturing,15,No,7,4,34,Yes
L00468,11-50,Tech,10,No,2,1,32,No
L00469,1-10,Finance,12,Yes,7,0,65,Yes
L00470,11-50,Finance,11,No,3,2,75,No
L00471,1-10,Healthcare,13,No,5,1,52,No
L00472,1-10,Tech,15,No,10,1,60,No
L00473,51-200,Retail,11,Yes,8,4,81,Yes
L00474,51-200,Healthcare,10,No,4,2,15,No
L00475,51-200,Manufacturing,15,No,7,4,41,No
L00476,1-10,Manufacturing,13,Yes,7,1,84,Yes
L00477,1-10,Healthcare,10,No,4,2,73,No
L00478,1-10,Tech,14,Yes,6,2,75,Yes
L00479,1-10,Manufacturing,15,Yes,7,2,63,Yes
L00480,1-10,Retail,9,Yes,7,0,45,Yes
L00481,201-1000,Manufacturing,14,No,6,3,64,No
L00482,51-200,Retail,17,Yes,3,1,19,Yes
L00483,1-10,Retail,9,No,9,2,70,No
L00484,1-10,Retail,13,No,1,4,32,No
L00485,201-1000,Finance,16,Yes,7,1,61,Yes
L00486,11-50,Finance,6,No,2,1,64,No
L00487,11-50,Tech,11,No,2,2,11,No
L00488,11-50,Healthcare,9,No,7,2,76,No
L00489,1-10,Retail,14,No,7,1,64,Yes
L00490,11-50,Tech,9,No,6,3,54,No
L00491,51-200,Manufacturing,15,No,9,5,51,No
L00492,11-50,Tech,8,Yes,3,3,17,Yes
L00493,51-200,Tech,14,No,7,1,36,No
L00494,1-10,Finance,18,No,4,0,26,No
L00495,11-50,Healthcare,10,No,4,3,25,Yes
L00496,201-1000,Finance,16,Yes,3,4,62,Yes
L00497,1-10,Retail,13,Yes,6,2,21,Yes
L00498,11-50,Finance,12,No,4,1,3,No
L00499,11-50,Finance,8,Yes,5,2,16,Yes
L00500,11-50,Healthcare,17,Yes,3,1,59,Yes
L00501,201-1000,Healthcare,12,Yes,6,2,60,Yes
L00502,11-50,Retail,16,No,3,2,61,Yes
L00503,11-50,Finance,9,Yes,2,6,76,Yes
L00504,201-1000,Retail,12,No,5,0,38,No
L00505,1-10,Manufacturing,11,No,4,1,37,Yes
L00506,51-200,Finance,9,No,4,2,73,No
L00507,1-10,Retail,10,No,5,3,15,Yes
L00508,11-50,Tech,10,No,3,5,69,No
L00509,11-50,Healthcare,9,No,7,4,61,No
L00510,11-50,Finance,10,Yes,1,1,26,Yes
L00511,1-10,Healthcare,10,No,4,1,50,No
L00512,11-50,Healthcare,10,No,9,2,36,Yes
L00513,11-50,Finance,14,No,2,3,60,No
L00514,201-1000,Healthcare,10,No,2,1,67,No
L00515,201-1000,Healthcare,12,No,3,2,37,Yes
L00516,11-50,Manufacturing,10,No,4,1,24,No
L00517,201-1000,Finance,17,No,4,3,43,Yes
L00518,51-200,Retail,16,No,5,2,28,Yes
L00519,11-50,Manufacturing,9,No,5,2,35,No
L00520,1-10,Healthcare,13,Yes,5,0,28,No
L00521,11-50,Tech,12,Yes,2,2,78,No
L00522,11-50,Healthcare,14,No,9,1,77,No
L00523,1-10,Finance,12,No,10,1,10,No
L00524,201-1000,Healthcare,16,Yes,6,1,62,Yes
L00525,201-1000,Finance,12,Yes,6,4,63,Yes
L00526,11-50,Tech,9,Yes,7,0,19,No
L00527,11-50,Manufacturing,16,Yes,4,5,43,Yes
L00528,51-200,Finance,12,No,4,3,35,No
L00529,201-1000,Manufacturing,16,No,6,3,41,Yes
L00530,11-50,Healthcare,14,No,4,1,76,No
L00531,11-50,Healthcare,10,No,9,1,61,No
L00532,1-10,Manufacturing,13,No,5,4,3,Yes
L00533,1-10,Finance,19,No,7,3,45,No
L00534,11-50,Manufacturing,13,No,6,0,54,No
L00535,1-10,Manufacturing,8,No,7,2,69,No
L00536,1-10,Manufacturing,7,No,4,1,8,No
L00537,11-50,Tech,8,No,7,1,13,Yes
L00538,51-200,Manufacturing,13,No,4,1,20,No
L00539,1-10,Retail,17,Yes,3,4,49,Yes
L00540,51-200,Retail,12,Yes,3,1,63,Yes
L00541,51-200,Finance,14,Yes,5,4,82,Yes
L00542,51-200,Manufacturing,9,No,5,2,8,No
L00543,51-200,Retail,18,Yes,4,2,25,Yes
L00544,1-10,Manufacturing,6,No,3,1,45,No
L00545,1-10,Healthcare,17,No,6,1,86,No
L00546,201-1000,Healthcare,18,Yes,10,6,39,Yes
L00547,201-1000,Finance,13,Yes,7,1,35,Yes
L00548,1-10,Finance,13,Yes,3,1,65,No
L00549,51-200,Healthcare,18,No,5,1,60,No
L00550,1-10,Finance,17,No,6,1,85,No
L00551,1-10,Manufacturing,11,No,1,6,42,Yes
L00552,1-10,Retail,15,No,9,2,86,No
L00553,1-10,Manufacturing,15,No,10,2,80,No
L00554,11-50,Tech,12,Yes,5,2,65,Yes
L00555,201-1000,Healthcare,15,Yes,4,0,23,Yes
L00556,11-50,Manufacturing,9,No,7,0,45,Yes
L00557,1-10,Healthcare,5,No,4,3,49,Yes
L00558,1-10,Healthcare,8,No,6,4,72,Yes
L00559,1-10,Tech,8,Yes,6,2,44,No
L00560,1-10,Retail,10,No,6,2,89,Yes
L00561,11-50,Finance,10,No,3,3,18,No
L00562,11-50,Healthcare,14,Yes,6,5,85,No
L00563,1-10,Healthcare,10,Yes,1,2,36,Yes
L00564,11-50,Retail,19,No,7,3,79,Yes
L00565,1-10,Finance,12,No,3,6,41,No
L00566,51-200,Retail,11,Yes,5,2,88,Yes
L00567,11-50,Healthcare,14,No,4,5,80,No
L00568,1-10,Manufacturing,9,No,2,0,23,No
L00569,11-50,Healthcare,12,No,4,4,22,Yes
L00570,1-10,Tech,13,No,3,3,58,No
L00571,1-10,Manufacturing,11,Yes,7,3,57,Yes
L00572,1-10,Manufacturing,14,No,4,4,38,No
L00573,51-200,Manufacturing,6,No,3,2,18,No
L00574,1-10,Retail,7,No,9,2,32,Yes
L00575,201-1000,Healthcare,16,No,8,7,35,Yes
L00576,11-50,Healthcare,12,Yes,6,2,84,Yes
L00577,1-10,Tech,19,Yes,2,2,48,No
L00578,51-200,Manufacturing,13,Yes,6,2,38,Yes
L00579,51-200,Manufacturing,11,Yes,4,3,22,Yes
L00580,51-200,Tech,11,No,3,0,71,No
L00581,1-10,Retail,12,No,2,2,10,Yes
L00582,51-200,Manufacturing,12,Yes,4,1,35,Yes
L00583,51-200,Healthcare,10,Yes,3,3,39,No
L00584,11-50,Manufacturing,13,Yes,2,2,49,No
L00585,11-50,Manufacturing,14,Yes,8,1,10,Yes
L00586,11-50,Tech,13,No,5,1,11,No
L00587,1-10,Manufacturing,7,No,6,3,52,No
L00588,51-200,Manufacturing,10,No,4,1,75,No
L00589,51-200,Tech,13,No,10,1,16,No
L00590,51-200,Retail,11,No,3,2,40,No
L00591,11-50,Manufacturing,16,No,4,0,60,No
L00592,11-50,Healthcare,15,No,4,6,25,No
L00593,1-10,Tech,15,No,9,0,2,No
L00594,11-50,Healthcare,17,No,7,2,13,Yes
L00595,51-200,Manufacturing,10,Yes,7,2,30,Yes
L00596,201-1000,Tech,14,Yes,7,0,82,Yes
L00597,1-10,Tech,17,No,3,1,30,No
L00598,1-10,Manufacturing,8,No,2,0,49,No
L00599,1-10,Finance,6,No,11,5,80,Yes
L00600,11-50,Manufacturing,12,Yes,8,3,18,Yes
L00601,51-200,Tech,12,No,3,3,31,No
L00602,1-10,Retail,15,Yes,3,2,71,Yes
L00603,11-50,Finance,17,Yes,6,0,24,No
L00604,11-50,Manufacturing,8,Yes,3,2,24,Yes
L00605,51-200,Retail,8,Yes,6,5,74,Yes
L00606,1-10,Manufacturing,14,No,6,2,86,Yes
L00607,1-10,Finance,15,Yes,2,0,18,Yes
L00608,11-50,Finance,8,No,6,4,63,No
L00609,11-50,Healthcare,14,No,8,3,36,No
L00610,1-10,Manufacturing,11,No,3,0,84,No
L00611,51-200,Manufacturing,13,No,7,4,61,No
L00612,51-200,Finance,16,Yes,4,4,58,No
L00613,1-10,Manufacturing,12,Yes,5,2,71,Yes
L00614,11-50,Retail,8,No,5,0,81,No
L00615,51-200,Finance,21,Yes,3,3,35,Yes
L00616,201-1000,Healthcare,9,No,3,4,58,No
L00617,1-10,Manufacturing,13,No,5,1,8,No
L00618,51-200,Healthcare,10,No,7,2,29,No
L00619,1-10,Manufacturing,6,No,8,0,15,No
L00620,51-200,Retail,10,No,4,1,18,No
L00621,11-50,Manufacturing,12,No,6,2,80,No
L00622,201-1000,Manufacturing,17,Yes,6,3,84,Yes
L00623,11-50,Finance,8,No,2,1,53,No
L00624,1-10,Finance,8,No,6,2,60,No
L00625,51-200,Finance,17,Yes,6,0,67,Yes
L00626,1-10,Finance,15,Yes,3,0,9,No
L00627,51-200,Tech,12,No,5,3,4,No
L00628,1-10,Tech,18,No,8,2,3,Yes
L00629,11-50,Retail,13,No,4,0,67,No
L00630,51-200,Finance,11,No,3,2,86,No
L00631,1-10,Manufacturing,10,No,7,0,3,No
L00632,11-50,Retail,12,No,5,0,16,No
L00633,51-200,Finance,9,No,7,1,7,No
L00634,51-200,Tech,16,No,5,1,55,Yes
L00635,51-200,Tech,9,No,6,1,46,No
L00636,11-50,Retail,8,No,1,1,8,No
L00637,1-10,Healthcare,13,No,10,0,40,Yes
L00638,1-10,Finance,18,No,1,1,43,No
L00639,11-50,Retail,15,No,5,0,23,No
L00640,1-10,Healthcare,3,No,5,4,68,Yes
L00641,51-200,Tech,9,No,6,3,63,No
L00642,1-10,Tech,9,Yes,5,0,89,No
L00643,1-10,Manufacturing,8,No,8,2,5,No
L00644,201-1000,Finance,9,Yes,5,6,61,Yes
L00645,51-200,Manufacturing,10,Yes,4,1,13,Yes
L00646,1-10,Healthcare,18,Yes,5,2,86,Yes
L00647,11-50,Healthcare,9,No,7,0,88,No
L00648,51-200,Manufacturing,16,No,7,1,40,No
L00649,11-50,Finance,15,No,5,2,8,No
L00650,1-10,Tech,15,No,6,3,79,No
L00651,11-50,Manufacturing,10,No,10,2,56,Yes
L00652,51-200,Retail,13,Yes,2,1,69,No
L00653,1-10,Finance,17,Yes,7,3,77,Yes
L00654,201-1000,Healthcare,10,No,6,0,52,No
L00655,11-50,Tech,8,No,2,3,9,No
L00656,1-10,Manufacturing,16,Yes,6,1,18,Yes
L00657,51-200,Manufacturing,10,No,8,2,55,No
L00658,1-10,Healthcare,14,No,2,3,59,Yes
L00659,11-50,Tech,11,Yes,5,4,54,No
L00660,11-50,Manufacturing,14,Yes,4,2,28,Yes
L00661,1-10,Manufacturing,16,No,5,1,24,Yes
L00662,51-200,Manufacturing,11,Yes,5,1,33,No
L00663,51-200,Healthcare,10,No,3,1,74,No
L00664,1-10,Tech,18,Yes,3,2,20,Yes
L00665,1-10,Healthcare,9,No,8,2,32,No
L00666,1-10,Tech,6,No,5,0,39,No
L00667,11-50,Finance,11,Yes,3,1,23,No
L00668,1-10,Tech,8,Yes,7,2,86,Yes
L00669,11-50,Tech,10,Yes,3,4,50,No
L00670,51-200,Healthcare,14,Yes,6,2,1,Yes
L00671,51-200,Tech,11,Yes,4,2,35,Yes
L00672,1-10,Tech,11,Yes,9,4,55,Yes
L00673,11-50,Retail,13,Yes,4,1,2,Yes
L00674,11-50,Manufacturing,12,Yes,11,4,55,Yes
L00675,11-50,Retail,16,No,2,0,60,Yes
L00676,11-50,Healthcare,12,No,7,3,11,Yes
L00677,11-50,Healthcare,13,No,5,2,63,No
L00678,51-200,Tech,12,No,3,0,32,No
L00679,11-50,Healthcare,15,No,4,4,11,No
L00680,11-50,Retail,12,No,1,0,19,No
L00681,11-50,Healthcare,15,No,4,2,76,No
L00682,1-10,Healthcare,13,No,5,5,33,No
L00683,11-50,Tech,12,No,3,1,30,No
L00684,11-50,Tech,11,No,7,1,86,Yes
L00685,201-1000,Healthcare,17,No,8,0,63,Yes
L00686,51-200,Tech,14,Yes,1,2,37,No
L00687,1-10,Tech,13,No,7,0,42,No
L00688,1-10,Manufacturing,15,Yes,5,2,18,Yes
L00689,51-200,Finance,16,Yes,10,2,15,Yes
L00690,11-50,Tech,10,Yes,7,2,45,Yes
L00691,1-10,Finance,17,No,7,6,40,Yes
L00692,11-50,Tech,8,No,5,4,64,No
L00693,11-50,Manufacturing,12,No,7,1,46,No
L00694,51-200,Retail,8,Yes,8,3,86,Yes
L00695,51-200,Tech,15,No,4,2,18,No
L00696,201-1000,Finance,18,Yes,10,2,81,Yes
L00697,51-200,Tech,11,Yes,5,2,19,Yes
L00698,201-1000,Finance,16,Yes,1,4,43,Yes
L00699,1-10,Retail,12,No,4,0,45,No
L00700,11-50,Retail,11,No,1,2,82,No
L00701,1-10,Tech,21,No,5,0,35,No
L00702,51-200,Manufacturing,11,Yes,7,1,77,Yes
L00703,1-10,Manufacturing,12,Yes,5,4,46,Yes
L00704,11-50,Retail,14,No,4,0,78,Yes
L00705,11-50,Finance,10,Yes,6,3,87,No
L00706,51-200,Healthcare,9,Yes,6,1,72,Yes
L00707,11-50,Tech,8,No,6,1,19,No
L00708,1-10,Manufacturing,7,No,4,1,88,No
L00709,11-50,Tech,16,No,3,1,43,No
L00710,1-10,Tech,22,No,8,3,35,Yes
L00711,11-50,Finance,11,No,5,1,8,No
L00712,11-50,Retail,13,No,0,5,7,No
L00713,1-10,Finance,14,Yes,8,3,19,Yes
L00714,201-1000,Healthcare,13,No,3,2,65,No
L00715,11-50,Tech,6,No,4,2,40,No
L00716,11-50,Tech,9,No,4,3,48,No
L00717,51-200,Tech,15,Yes,8,0,58,Yes
L00718,1-10,Manufacturing,10,No,6,1,75,No
L00719,11-50,Manufacturing,16,No,7,4,67,Yes
L00720,201-1000,Manufacturing,12,Yes,8,2,66,No
L00721,1-10,Retail,14,No,8,1,54,No
L00722,51-200,Manufacturing,10,No,8,3,58,No
L00723,1-10,Finance,15,No,2,2,82,No
L00724,11-50,Tech,13,Yes,9,1,44,No
L00725,51-200,Finance,19,No,7,1,72,No
L00726,1-10,Retail,15,No,2,3,80,No
L00727,11-50,Manufacturing,13,No,7,2,40,No
L00728,11-50,Retail,20,No,6,3,18,No
L00729,11-50,Tech,14,Yes,4,1,15,Yes
L00730,1-10,Healthcare,10,Yes,7,2,18,Yes
L00731,11-50,Manufacturing,8,Yes,6,2,55,Yes
L00732,201-1000,Healthcare,13,Yes,3,2,86,Yes
L00733,11-50,Tech,12,Yes,3,2,57,Yes
L00734,51-200,Retail,3,No,5,2,9,No
L00735,1-10,Retail,9,No,4,0,67,No
L00736,11-50,Finance,11,Yes,2,1,31,No
L00737,11-50,Finance,15,No,6,3,72,Yes
L00738,11-50,Finance,4,No,2,3,89,No
L00739,51-200,Tech,14,Yes,3,1,51,Yes
L00740,51-200,Retail,10,No,6,2,47,No
L00741,51-200,Healthcare,15,Yes,5,3,21,Yes
L00742,51-200,Manufacturing,12,No,3,1,17,No
L00743,51-200,Tech,12,No,7,3,53,Yes
L00744,11-50,Retail,10,Yes,4,0,65,Yes
L00745,51-200,Tech,14,No,5,1,56,Yes
L00746,11-50,Tech,13,No,3,2,73,Yes
L00747,1-10,Finance,11,No,7,2,65,No
L00748,1-10,Retail,17,Yes,8,3,52,Yes
L00749,51-200,Manufacturing,13,Yes,2,2,81,Yes
L00750,11-50,Healthcare,14,Yes,8,3,23,Yes
L00751,1-10,Retail,12,Yes,1,2,82,Yes
L00752,11-50,Retail,17,Yes,8,2,9,Yes
L00753,1-10,Finance,10,Yes,3,4,11,Yes
L00754,11-50,Manufacturing,6,Yes,4,1,41,No
L00755,11-50,Retail,11,Yes,7,2,58,Yes
L00756,51-200,Healthcare,14,No,3,3,70,No
L00757,1-10,Tech,5,Yes,5,0,72,Yes
L00758,1-10,Manufacturing,10,No,5,0,81,No
L00759,11-50,Manufacturing,18,No,2,3,2,Yes
L00760,51-200,Finance,13,Yes,1,1,6,No
L00761,51-200,Retail,10,No,8,1,13,Yes
L00762,11-50,Finance,12,No,10,4,59,No
L00763,11-50,Retail,12,No,4,0,61,No
L00764,51-200,Manufacturing,12,No,6,6,45,No
L00765,51-200,Manufacturing,17,No,4,1,38,Yes
L00766,11-50,Manufacturing,13,Yes,5,3,23,No
L00767,51-200,Tech,17,No,5,4,4,Yes
L00768,11-50,Manufacturing,9,No,12,2,88,No
L00769,1-10,Finance,13,No,4,2,38,No
L00770,1-10,Finance,10,No,5,3,39,Yes
L00771,51-200,Manufacturing,8,No,2,3,88,No
L00772,51-200,Finance,10,No,6,0,78,No
L00773,11-50,Finance,11,No,2,2,79,No
L00774,51-200,Retail,16,Yes,3,3,3,Yes
L00775,1-10,Manufacturing,8,No,3,0,45,No
L00776,11-50,Manufacturing,9,Yes,6,1,79,Yes
L00777,11-50,Manufacturing,6,No,5,4,18,No
L00778,11-50,Tech,14,Yes,8,1,69,Yes
L00779,1-10,Retail,18,No,2,2,15,No
L00780,11-50,Manufacturing,12,Yes,8,0,35,Yes
L00781,51-200,Tech,9,No,1,0,10,No
L00782,11-50,Tech,14,No,4,5,84,Yes
L00783,51-200,Manufacturing,18,Yes,8,1,24,Yes
L00784,11-50,Finance,9,Yes,6,0,11,Yes
L00785,51-200,Retail,22,Yes,5,2,79,Yes
L00786,11-50,Healthcare,16,No,6,2,66,No
L00787,51-200,Tech,18,Yes,2,4,34,No
L00788,11-50,Healthcare,13,No,8,0,10,No
L00789,51-200,Tech,12,No,8,6,9,Yes
L00790,1-10,Tech,6,Yes,4,1,18,Yes
L00791,1-10,Finance,14,Yes,8,3,45,Yes
L00792,201-1000,Retail,15,No,8,3,46,Yes
L00793,11-50,Tech,13,Yes,3,3,5,No
L00794,1-10,Finance,12,No,8,2,89,No
L00795,11-50,Manufacturing,9,Yes,4,3,72,No
L00796,201-1000,Tech,14,No,2,1,86,No
L00797,51-200,Manufacturing,8,No,8,1,55,No
L00798,201-1000,Finance,13,No,6,2,41,No
L00799,201-1000,Tech,14,No,3,2,40,No
L00800,11-50,Manufacturing,13,Yes,6,1,85,No
L00801,1-10,Tech,8,No,4,2,16,No
L00802,1-10,Tech,11,No,4,2,59,No
L00803,1-10,Retail,12,No,7,5,67,No
L00804,11-50,Healthcare,9,Yes,7,3,79,Yes
L00805,201-1000,Retail,6,No,7,1,64,No
L00806,1-10,Manufacturing,13,No,6,2,88,No
L00807,51-200,Finance,11,Yes,4,1,38,No
L00808,51-200,Tech,10,Yes,5,1,82,Yes
L00809,51-200,Finance,15,No,9,1,6,No
L00810,1-10,Tech,14,No,6,1,8,No
L00811,1-10,Manufacturing,13,No,5,2,49,No
L00812,51-200,Tech,17,Yes,3,4,17,Yes
L00813,11-50,Manufacturing,17,No,6,2,69,No
L00814,11-50,Manufacturing,11,No,7,2,52,No
L00815,11-50,Healthcare,12,Yes,4,0,24,No
L00816,1-10,Tech,13,Yes,5,2,13,No
L00817,201-1000,Tech,13,No,2,2,88,Yes
L00818,51-200,Manufacturing,14,No,1,4,37,No
L00819,201-1000,Manufacturing,5,Yes,2,3,70,Yes
L00820,51-200,Healthcare,8,Yes,6,3,52,Yes
L00821,11-50,Healthcare,15,Yes,4,3,6,Yes
L00822,51-200,Retail,9,Yes,3,2,16,Yes
L00823,1-10,Tech,7,Yes,5,0,21,No
L00824,51-200,Retail,10,Yes,9,4,31,Yes
L00825,1-10,Healthcare,14,No,0,0,5,No
L00826,11-50,Tech,15,Yes,5,3,55,Yes
L00827,51-200,Manufacturing,8,No,4,6,28,Yes
L00828,11-50,Healthcare,11,No,0,2,2,No
L00829,51-200,Tech,10,Yes,10,2,81,Yes
L00830,11-50,Retail,18,No,4,3,31,Yes
L00831,1-10,Tech,7,No,3,0,15,No
L00832,1-10,Retail,13,No,4,3,26,No
L00833,1-10,Healthcare,15,No,5,4,47,No
L00834,11-50,Healthcare,8,No,5,3,3,Yes
L00835,51-200,Manufacturing,12,No,8,1,33,No
L00836,1-10,Healthcare,15,No,6,2,20,No
L00837,11-50,Manufacturing,18,Yes,5,0,80,No
L00838,201-1000,Manufacturing,9,No,2,2,74,No
L00839,11-50,Tech,14,Yes,6,2,2,Yes
L00840,201-1000,Healthcare,9,No,5,1,70,No
L00841,51-200,Tech,17,No,2,2,88,Yes
L00842,11-50,Retail,11,No,8,2,78,No
L00843,11-50,Finance,8,No,6,2,14,No
L00844,1-10,Healthcare,7,No,5,3,52,No
L00845,11-50,Manufacturing,20,No,4,4,14,No
L00846,51-200,Tech,11,Yes,3,1,66,No
L00847,1-10,Manufacturing,12,No,8,3,79,Yes
L00848,1-10,Retail,12,No,4,2,40,No
L00849,1-10,Healthcare,13,No,9,2,26,No
L00850,1-10,Healthcare,18,No,9,0,7,No
L00851,1-10,Healthcare,8,No,3,2,23,No
L00852,51-200,Finance,11,No,5,1,35,Yes
L00853,11-50,Manufacturing,10,No,8,3,3,No
L00854,11-50,Retail,13,No,7,0,49,No
L00855,11-50,Manufacturing,11,No,10,0,85,No
L00856,1-10,Retail,20,Yes,5,1,10,No
L00857,11-50,Healthcare,16,No,3,4,66,Yes
L00858,51-200,Manufacturing,15,Yes,10,1,71,No
L00859,1-10,Healthcare,7,No,4,2,29,No
L00860,11-50,Retail,12,No,3,2,56,Yes
L00861,11-50,Retail,10,No,3,1,65,No
L00862,201-1000,Retail,12,No,6,2,41,No
L00863,1-10,Healthcare,14,No,5,3,20,No
L00864,11-50,Manufacturing,9,No,6,2,82,No
L00865,11-50,Manufacturing,12,Yes,4,1,64,No
L00866,1-10,Manufacturing,14,Yes,6,3,33,Yes
L00867,11-50,Healthcare,7,No,6,1,22,No
L00868,201-1000,Retail,13,No,7,0,73,Yes
L00869,1-10,Healthcare,7,No,5,3,34,No
L00870,11-50,Healthcare,18,No,7,1,57,No
L00871,1-10,Tech,9,Yes,2,2,77,Yes
L00872,11-50,Tech,9,No,8,1,19,No
L00873,201-1000,Finance,12,No,7,2,68,No
L00874,11-50,Finance,10,No,5,1,7,No
L00875,1-10,Tech,12,No,4,2,49,No
L00876,11-50,Healthcare,18,No,0,1,82,Yes
L00877,11-50,Retail,15,Yes,4,4,51,Yes
L00878,51-200,Finance,7,No,5,5,56,No
L00879,11-50,Retail,11,Yes,5,4,1,Yes
L00880,11-50,Manufacturing,9,No,4,3,37,No
L00881,51-200,Manufacturing,14,Yes,4,1,26,Yes
L00882,1-10,Healthcare,8,Yes,11,0,37,Yes
L00883,201-1000,Tech,12,No,4,3,69,No
L00884,11-50,Finance,10,No,5,3,71,No
L00885,11-50,Healthcare,10,No,4,1,4,Yes
L00886,51-200,Retail,8,No,3,1,88,No
L00887,1-10,Tech,10,No,0,2,54,No
L00888,1-10,Tech,9,No,5,1,13,No
L00889,1-10,Manufacturing,18,No,9,2,79,No
L00890,51-200,Manufacturing,11,No,3,4,78,No
L00891,1-10,Retail,7,Yes,4,3,16,Yes
L00892,11-50,Tech,10,No,4,0,85,No
L00893,1-10,Retail,13,No,3,5,49,Yes
L00894,11-50,Healthcare,12,No,8,1,39,No
L00895,1-10,Manufacturing,12,No,2,2,1,Yes
L00896,51-200,Retail,14,Yes,6,4,21,Yes
L00897,201-1000,Finance,9,Yes,4,0,87,No
L00898,11-50,Retail,15,Yes,4,0,42,Yes
L00899,11-50,Finance,12,Yes,4,2,75,No
L00900,11-50,Retail,9,No,5,1,28,No
L00901,51-200,Finance,13,No,4,3,60,No
L00902,1-10,Retail,15,Yes,5,3,35,Yes
L00903,51-200,Tech,14,No,2,2,62,No
L00904,51-200,Tech,10,No,3,1,67,No
L00905,51-200,Tech,12,No,2,3,82,No
L00906,11-50,Tech,16,No,10,3,38,Yes
L00907,51-200,Manufacturing,9,Yes,3,2,41,No
L00908,11-50,Manufacturing,16,No,3,1,45,No
L00909,1-10,Finance,9,No,4,3,50,No
L00910,1-10,Finance,17,No,5,2,25,No
L00911,11-50,Tech,9,Yes,6,2,4,Yes
L00912,11-50,Healthcare,12,Yes,8,0,3,Yes
L00913,51-200,Tech,11,Yes,7,1,62,Yes
L00914,51-200,Healthcare,8,Yes,7,3,13,Yes
L00915,1-10,Finance,8,No,5,2,53,No
L00916,11-50,Retail,8,Yes,4,3,65,Yes
L00917,51-200,Tech,10,Yes,6,2,67,Yes
L00918,11-50,Retail,6,Yes,9,1,1,Yes
L00919,1-10,Manufacturing,16,No,2,1,7,No
L00920,201-1000,Finance,13,No,6,1,12,No
L00921,11-50,Finance,13,No,4,2,53,No
L00922,11-50,Tech,8,No,7,4,37,Yes
L00923,11-50,Finance,11,Yes,8,1,6,Yes
L00924,11-50,Finance,11,No,4,1,35,No
L00925,1-10,Manufacturing,15,No,11,1,8,No
L00926,51-200,Tech,13,Yes,5,2,75,No
L00927,51-200,Healthcare,15,No,9,4,36,Yes
L00928,11-50,Finance,7,Yes,6,3,67,No
L00929,1-10,Retail,21,No,7,3,87,Yes
L00930,11-50,Retail,10,No,5,2,46,No
L00931,11-50,Manufacturing,12,No,2,2,73,Yes
L00932,11-50,Tech,17,No,6,1,31,No
L00933,1-10,Finance,15,No,4,0,85,No
L00934,51-200,Finance,15,No,7,2,42,No
L00935,1-10,Tech,19,No,3,3,72,No
L00936,1-10,Healthcare,5,No,7,0,39,No
L00937,51-200,Finance,13,No,5,2,21,Yes
L00938,51-200,Manufacturing,21,No,5,4,72,No
L00939,1-10,Finance,14,No,4,3,12,Yes
L00940,1-10,Healthcare,14,Yes,4,3,81,Yes
L00941,11-50,Finance,10,No,8,2,34,Yes
L00942,201-1000,Manufacturing,15,No,4,3,1,Yes
L00943,1-10,Finance,5,Yes,7,5,86,Yes
L00944,11-50,Manufacturing,14,No,4,6,68,No
L00945,1-10,Finance,13,Yes,6,1,43,No
L00946,51-200,Finance,6,No,4,2,20,No
L00947,11-50,Healthcare,11,No,5,2,60,No
L00948,11-50,Finance,14,No,8,0,2,No
L00949,51-200,Healthcare,13,No,6,3,85,Yes
L00950,11-50,Retail,14,No,3,0,88,No
L00951,1-10,Healthcare,3,No,5,4,15,No
L00952,11-50,Manufacturing,7,No,5,2,29,No
L00953,201-1000,Retail,8,No,6,4,68,No
L00954,51-200,Manufacturing,13,No,2,1,12,No
L00955,11-50,Retail,5,No,7,1,79,No
L00956,51-200,Retail,11,No,3,1,71,No
L00957,1-10,Manufacturing,9,No,5,2,79,No
L00958,11-50,Retail,16,Yes,4,3,72,Yes
L00959,51-200,Retail,10,Yes,6,1,67,Yes
L00960,1-10,Healthcare,8,Yes,5,1,72,No
L00961,201-1000,Finance,16,No,5,2,63,No
L00962,51-200,Manufacturing,3,No,4,3,3,No
L00963,51-200,Healthcare,12,No,6,3,64,No
L00964,11-50,Healthcare,15,Yes,8,5,86,Yes
L00965,1-10,Finance,17,No,2,2,5,No
L00966,1-10,Healthcare,13,No,5,0,78,Yes
L00967,51-200,Finance,13,Yes,4,0,81,Yes
L00968,11-50,Retail,9,No,6,3,58,No
L00969,51-200,Tech,7,No,6,4,35,No
L00970,1-10,Healthcare,17,No,3,1,65,No
L00971,51-200,Manufacturing,12,Yes,6,1,63,No
L00972,51-200,Tech,8,No,4,0,84,No
L00973,51-200,Retail,7,Yes,6,1,33,No
L00974,1-10,Healthcare,18,No,7,3,47,No
L00975,1-10,Manufacturing,10,No,4,4,67,No
L00976,1-10,Healthcare,15,No,5,3,79,No
L00977,1-10,Retail,7,No,8,4,50,No
L00978,51-200,Retail,7,No,2,2,15,No
L00979,11-50,Tech,17,Yes,9,2,13,Yes
L00980,51-200,Tech,12,No,2,3,37,No
L00981,1-10,Retail,11,No,0,2,36,No
L00982,11-50,Finance,14,No,6,1,58,No
L00983,51-200,Tech,11,Yes,3,4,66,Yes
L00984,201-1000,Manufacturing,15,No,6,3,29,Yes
L00985,1-10,Healthcare,13,No,9,2,32,Yes
L00986,51-200,Tech,21,Yes,5,2,1,Yes
L00987,11-50,Tech,6,No,7,0,48,No
L00988,1-10,Healthcare,10,No,6,4,24,No
L00989,11-50,Manufacturing,12,No,6,1,13,Yes
L00990,1-10,Manufacturing,9,No,2,2,60,Yes
L00991,11-50,Manufacturing,9,Yes,6,1,39,No
L00992,201-1000,Retail,10,No,3,2,33,No
L00993,51-200,Healthcare,13,No,6,2,89,No
L00994,1-10,Healthcare,8,Yes,3,3,78,Yes
L00995,51-200,Manufacturing,12,No,8,3,18,Yes
L00996,1-10,Tech,15,No,2,0,21,No
L00997,51-200,Retail,12,No,5,2,19,No
L00998,11-50,Finance,15,No,2,2,64,No
L00999,11-50,Finance,11,Yes,5,2,70,Yes
L01000,1-10,Manufacturing,17,No,5,0,51,No
L01001,1-10,Tech,7,Yes,4,1,26,Yes
L01002,11-50,Tech,13,Yes,4,1,10,No
L01003,11-50,Retail,10,Yes,3,2,10,Yes
L01004,51-200,Retail,6,Yes,6,1,53,No
L01005,1-10,Retail,13,No,3,2,35,No
L01006,11-50,Manufacturing,11,No,5,1,23,No
L01007,1-10,Finance,13,Yes,9,2,67,Yes
L01008,11-50,Healthcare,12,Yes,3,0,29,No
L01009,201-1000,Manufacturing,10,No,4,0,89,No
L01010,1-10,Tech,15,No,10,1,10,No
L01011,51-200,Manufacturing,13,No,6,1,88,No
L01012,1-10,Finance,16,No,5,3,13,No
L01013,51-200,Retail,11,No,3,2,12,Yes
L01014,11-50,Tech,11,Yes,7,1,53,Yes
L01015,1-10,Retail,12,No,6,2,55,No
L01016,51-200,Healthcare,19,Yes,4,3,54,Yes
L01017,51-200,Retail,17,Yes,5,1,13,Yes
L01018,1-10,Retail,9,Yes,5,4,88,Yes
L01019,1-10,Finance,7,No,5,5,56,Yes
L01020,1-10,Retail,14,No,3,2,70,No
L01021,11-50,Healthcare,11,Yes,2,1,11,Yes
L01022,201-1000,Finance,10,No,7,3,16,Yes
L01023,51-200,Healthcare,17,No,5,2,68,Yes
L01024,11-50,Tech,13,No,4,2,68,No
L01025,1-10,Healthcare,11,No,7,0,89,No
L01026,11-50,Tech,9,No,7,0,4,No
L01027,11-50,Manufacturing,14,Yes,8,1,89,Yes
L01028,1-10,Finance,14,No,0,3,76,No
L01029,11-50,Manufacturing,16,No,3,1,10,Yes
L01030,201-1000,Manufacturing,15,No,7,2,6,No
L01031,1-10,Healthcare,13,No,8,5,83,Yes
L01032,11-50,Tech,17,Yes,7,1,71,Yes
L01033,51-200,Retail,15,Yes,3,2,40,No
L01034,1-10,Manufacturing,9,No,5,3,32,No
L01035,1-10,Finance,7,No,5,3,37,No
L01036,1-10,Tech,14,No,3,2,73,No
L01037,51-200,Manufacturing,8,No,9,0,5,No
L01038,1-10,Retail,10,No,5,4,14,No
L01039,1-10,Finance,9,Yes,4,3,43,Yes
L01040,11-50,Finance,14,Yes,2,2,5,Yes
L01041,51-200,Retail,11,No,6,3,73,No
L01042,51-200,Tech,15,No,6,3,45,No
L01043,11-50,Manufacturing,15,No,2,3,54,No
L01044,201-1000,Retail,15,Yes,6,0,44,Yes
L01045,1-10,Finance,15,No,7,2,43,Yes
L01046,11-50,Healthcare,13,No,5,1,12,No
L01047,11-50,Retail,9,No,6,4,73,No
L01048,11-50,Retail,11,No,4,4,2,Yes
L01049,1-10,Tech,10,Yes,11,0,54,No
L01050,1-10,Healthcare,17,No,4,0,22,No
L01051,201-1000,Retail,13,No,6,2,8,No
L01052,11-50,Retail,16,No,2,2,73,Yes
L01053,11-50,Manufacturing,11,No,4,3,68,No
L01054,201-1000,Manufacturing,7,No,4,3,11,Yes
L01055,11-50,Finance,12,No,2,2,8,No
L01056,11-50,Healthcare,11,No,3,0,62,No
L01057,11-50,Tech,7,No,2,2,56,No
L01058,1-10,Healthcare,8,No,3,0,37,No
L01059,1-10,Manufacturing,6,Yes,3,1,15,No
L01060,11-50,Retail,11,Yes,6,2,5,Yes
L01061,11-50,Healthcare,14,Yes,3,1,33,No
L01062,1-10,Finance,7,No,5,0,49,No
L01063,1-10,Tech,20,No,3,2,34,No
L01064,51-200,Retail,8,No,2,0,11,No
L01065,51-200,Manufacturing,9,No,5,4,28,No
L01066,11-50,Healthcare,11,Yes,6,0,39,No
L01067,1-10,Tech,21,No,7,2,50,No
L01068,51-200,Healthcare,7,No,5,0,26,No
L01069,1-10,Finance,7,No,6,3,54,No
L01070,51-200,Manufacturing,14,No,8,2,70,Yes
L01071,1-10,Healthcare,9,Yes,9,4,70,Yes
L01072,201-1000,Finance,14,No,12,0,69,No
L01073,51-200,Tech,19,Yes,4,0,46,No
L01074,11-50,Manufacturing,14,No,5,3,63,No
L01075,11-50,Tech,11,No,10,1,29,No
L01076,11-50,Finance,8,No,6,2,52,No
L01077,51-200,Manufacturing,16,No,3,1,62,No
L01078,11-50,Healthcare,17,Yes,5,2,46,No
L01079,51-200,Manufacturing,11,No,5,3,32,No
L01080,1-10,Tech,9,No,3,3,77,No
L01081,11-50,Tech,10,No,4,1,60,No
L01082,51-200,Finance,10,No,4,5,41,No
L01083,11-50,Healthcare,11,Yes,1,2,65,Yes
L01084,201-1000,Tech,14,No,4,1,4,No
L01085,11-50,Manufacturing,12,No,5,3,27,Yes
L01086,11-50,Manufacturing,12,No,2,3,87,Yes
L01087,51-200,Manufacturing,12,No,7,1,36,Yes
L01088,11-50,Retail,14,No,8,1,41,No
L01089,11-50,Healthcare,8,No,8,1,24,No
L01090,11-50,Finance,19,Yes,3,4,78,Yes
L01091,51-200,Finance,15,No,6,2,29,No
L01092,1-10,Manufacturing,13,No,5,3,53,No
L01093,51-200,Finance,15,No,3,3,7,Yes
L01094,11-50,Manufacturing,16,Yes,5,1,7,No
L01095,11-50,Retail,9,Yes,8,1,18,No
L01096,11-50,Manufacturing,15,Yes,4,2,31,Yes
L01097,201-1000,Healthcare,12,No,2,0,86,No
L01098,201-1000,Tech,13,No,2,2,25,No
L01099,11-50,Healthcare,9,Yes,4,1,83,Yes
L01100,11-50,Retail,15,Yes,6,4,21,No
L01101,201-1000,Healthcare,10,Yes,6,1,66,Yes
L01102,1-10,Healthcare,15,No,3,1,36,No
L01103,1-10,Manufacturing,13,Yes,3,2,30,No
L01104,11-50,Manufacturing,15,No,6,1,71,No
L01105,11-50,Retail,12,No,9,1,73,No
L01106,1-10,Tech,8,Yes,5,3,78,No
L01107,1-10,Finance,12,Yes,2,3,79,Yes
L01108,1-10,Healthcare,18,No,6,0,69,No
L01109,1-10,Tech,11,No,2,2,65,No
L01110,1-10,Retail,13,No,0,1,84,No
L01111,1-10,Healthcare,8,No,5,1,52,No
L01112,1-10,Finance,10,Yes,5,1,4,Yes
L01113,11-50,Tech,10,No,4,3,13,No
L01114,1-10,Retail,13,Yes,4,2,26,Yes
L01115,51-200,Retail,11,No,9,2,28,Yes
L01116,11-50,Retail,12,No,5,2,21,No
L01117,1-10,Finance,6,No,9,1,43,No
L01118,51-200,Tech,10,No,4,4,36,No
L01119,51-200,Tech,15,No,7,2,16,Yes
L01120,11-50,Healthcare,13,No,3,4,45,No
L01121,1-10,Healthcare,8,No,2,1,67,No
L01122,51-200,Tech,13,No,6,1,58,No
L01123,51-200,Retail,11,No,4,1,11,Yes
L01124,51-200,Retail,15,No,2,2,17,No
L01125,51-200,Healthcare,14,No,3,3,50,No
L01126,11-50,Manufacturing,14,No,6,1,89,No
L01127,11-50,Manufacturing,15,Yes,8,3,8,Yes
L01128,1-10,Finance,10,No,7,1,37,No
L01129,1-10,Finance,12,No,5,0,25,No
L01130,51-200,Tech,10,No,2,1,24,No
L01131,11-50,Tech,9,No,4,0,2,No
L01132,1-10,Healthcare,12,Yes,7,0,88,Yes
L01133,1-10,Manufacturing,10,No,6,1,69,No
L01134,1-10,Finance,13,No,9,0,82,No
L01135,51-200,Tech,15,Yes,4,4,79,Yes
L01136,1-10,Tech,16,No,3,3,10,No
L01137,1-10,Healthcare,14,No,5,5,77,Yes
L01138,11-50,Retail,10,No,3,1,54,No
L01139,11-50,Manufacturing,12,No,7,2,41,Yes
L01140,51-200,Retail,13,No,5,1,47,No
L01141,11-50,Tech,12,No,5,0,50,No
L01142,11-50,Tech,9,Yes,3,3,3,Yes
L01143,201-1000,Retail,10,No,4,3,86,Yes
L01144,51-200,Tech,8,No,10,4,52,Yes
L01145,1-10,Finance,5,No,4,1,81,Yes
L01146,1-10,Healthcare,10,No,4,1,26,No
L01147,11-50,Healthcare,17,No,2,2,10,Yes
L01148,1-10,Healthcare,16,No,6,2,61,No
L01149,51-200,Tech,12,No,3,4,15,Yes
L01150,51-200,Tech,8,Yes,10,0,75,No
L01151,1-10,Finance,10,Yes,9,2,32,No
L01152,201-1000,Healthcare,11,No,4,3,42,No
L01153,11-50,Manufacturing,7,Yes,4,0,9,No
L01154,1-10,Retail,12,No,4,2,89,No
L01155,11-50,Retail,12,No,6,1,49,No
L01156,51-200,Healthcare,12,Yes,7,2,40,Yes
L01157,51-200,Retail,12,Yes,5,1,28,Yes
L01158,201-1000,Healthcare,12,No,3,1,81,No
L01159,201-1000,Healthcare,14,No,0,1,32,No
L01160,11-50,Manufacturing,13,Yes,6,2,84,Yes
L01161,11-50,Healthcare,10,Yes,4,5,57,Yes
L01162,1-10,Retail,8,No,7,1,64,No
L01163,11-50,Retail,13,No,9,2,27,No
L01164,1-10,Retail,11,Yes,7,2,58,No
L01165,1-10,Tech,19,Yes,9,3,34,Yes
L01166,51-200,Manufacturing,11,No,6,2,43,No
L01167,1-10,Healthcare,14,No,6,0,27,No
L01168,1-10,Manufacturing,8,Yes,3,1,83,No
L01169,51-200,Finance,17,No,3,1,14,No
L01170,11-50,Manufacturing,10,Yes,5,4,60,No
L01171,11-50,Healthcare,11,No,3,4,7,No
L01172,51-200,Tech,13,No,7,1,19,Yes
L01173,1-10,Finance,11,No,7,3,67,No
L01174,1-10,Healthcare,8,Yes,9,2,85,Yes
L01175,11-50,Tech,14,No,5,2,57,Yes
L01176,1-10,Manufacturing,14,Yes,6,1,21,No
L01177,51-200,Manufacturing,9,No,6,4,86,Yes
L01178,201-1000,Healthcare,15,Yes,5,2,71,Yes
L01179,51-200,Retail,5,No,4,5,66,No
L01180,51-200,Healthcare,8,Yes,5,3,85,Yes
L01181,1-10,Tech,11,No,5,0,59,No
L01182,11-50,Tech,10,No,2,3,58,Yes
L01183,201-1000,Retail,18,No,4,1,42,Yes
L01184,51-200,Healthcare,15,No,4,2,87,No
L01185,11-50,Healthcare,14,No,7,1,60,Yes
L01186,51-200,Manufacturing,12,No,3,0,63,No
L01187,1-10,Healthcare,7,Yes,8,5,76,Yes
L01188,1-10,Healthcare,9,No,3,2,13,No
L01189,1-10,Tech,18,Yes,7,3,8,Yes
L01190,201-1000,Retail,13,No,4,3,77,Yes
L01191,1-10,Tech,15,Yes,4,0,50,No
L01192,201-1000,Retail,5,Yes,10,3,19,Yes
L01193,1-10,Finance,11,No,6,2,27,No
L01194,51-200,Healthcare,12,Yes,1,2,19,Yes
L01195,11-50,Finance,8,No,5,3,42,No
L01196,1-10,Tech,11,Yes,8,4,1,No
L01197,51-200,Finance,11,Yes,6,2,54,Yes
L01198,51-200,Tech,11,Yes,8,2,29,Yes
L01199,51-200,Retail,10,No,5,2,56,No
L01200,51-200,Healthcare,9,No,9,1,89,No
L01201,51-200,Finance,10,No,5,3,11,No
L01202,51-200,Tech,18,No,3,3,65,No
L01203,11-50,Finance,15,Yes,7,0,1,Yes
L01204,201-1000,Retail,14,Yes,5,5,47,Yes
L01205,11-50,Healthcare,15,No,8,1,62,No
L01206,1-10,Finance,16,No,2,2,66,No
L01207,201-1000,Finance,15,No,8,4,39,Yes
L01208,1-10,Healthcare,14,No,7,5,44,No
L01209,11-50,Tech,9,No,3,3,7,No
L01210,51-200,Retail,15,Yes,5,3,24,Yes
L01211,51-200,Finance,11,Yes,5,3,4,Yes
L01212,11-50,Tech,9,No,5,2,42,No
L01213,1-10,Retail,9,Yes,4,2,59,No
L01214,11-50,Finance,6,Yes,4,5,75,Yes
L01215,11-50,Tech,12,No,0,3,14,No
L01216,51-200,Retail,8,No,4,4,24,No
L01217,1-10,Manufacturing,11,No,6,3,82,Yes
L01218,51-200,Retail,16,No,4,1,26,No
L01219,51-200,Manufacturing,11,No,6,4,22,No
L01220,51-200,Healthcare,16,Yes,1,2,67,Yes
L01221,51-200,Finance,10,Yes,5,2,48,Yes
L01222,51-200,Retail,13,No,4,1,26,No
L01223,11-50,Healthcare,8,No,12,4,37,Yes
L01224,51-200,Healthcare,18,Yes,4,3,47,Yes
L01225,1-10,Retail,16,No,6,0,54,Yes
L01226,51-200,Manufacturing,10,Yes,4,6,2,Yes
L01227,51-200,Manufacturing,21,Yes,5,3,48,Yes
L01228,51-200,Retail,8,Yes,5,5,87,Yes
L01229,1-10,Retail,10,Yes,2,0,66,Yes
L01230,11-50,Manufacturing,13,Yes,4,3,25,Yes
L01231,201-1000,Healthcare,10,No,2,1,33,No
L01232,51-200,Manufacturing,6,No,6,5,45,No
L01233,1-10,Manufacturing,10,No,5,2,4,No
L01234,11-50,Manufacturing,9,No,8,1,18,No
L01235,51-200,Tech,6,Yes,2,3,25,No
L01236,51-200,Manufacturing,8,No,5,3,45,No
L01237,11-50,Tech,14,Yes,5,2,55,Yes
L01238,1-10,Tech,18,Yes,4,0,43,Yes
L01239,1-10,Healthcare,18,Yes,6,1,46,No
L01240,1-10,Retail,13,No,2,1,69,No
L01241,1-10,Retail,15,Yes,7,4,3,Yes
L01242,1-10,Tech,18,No,5,3,76,Yes
L01243,51-200,Manufacturing,12,No,4,1,67,No
L01244,51-200,Manufacturing,12,No,7,7,40,No
L01245,11-50,Tech,11,No,6,1,2,No
L01246,51-200,Finance,10,Yes,10,1,68,Yes
L01247,1-10,Manufacturing,8,Yes,10,1,23,No
L01248,1-10,Healthcare,8,No,6,0,65,No
L01249,11-50,Healthcare,16,No,5,2,64,No
L01250,11-50,Tech,5,No,5,4,9,Yes
L01251,1-10,Retail,15,No,7,1,70,No
L01252,201-1000,Finance,14,Yes,7,1,5,No
L01253,11-50,Tech,11,No,3,1,54,No
L01254,11-50,Tech,10,Yes,5,0,64,No
L01255,11-50,Healthcare,18,Yes,3,3,77,No
L01256,11-50,Tech,8,No,8,0,72,No
L01257,1-10,Tech,13,No,6,2,45,No
L01258,11-50,Healthcare,10,Yes,6,1,74,Yes
L01259,11-50,Healthcare,6,No,7,1,79,No
L01260,11-50,Tech,13,Yes,5,3,24,No
L01261,11-50,Retail,12,No,3,3,66,No
L01262,1-10,Healthcare,14,Yes,4,0,61,No
L01263,11-50,Manufacturing,15,No,2,0,4,No
L01264,201-1000,Manufacturing,16,No,4,2,64,Yes
L01265,201-1000,Finance,11,No,7,2,63,Yes
L01266,51-200,Healthcare,9,No,3,2,75,Yes
L01267,1-10,Manufacturing,13,No,2,3,40,No
L01268,1-10,Finance,5,No,7,3,53,No
L01269,1-10,Manufacturing,10,No,4,0,74,No
L01270,51-200,Retail,13,No,4,0,79,No
L01271,1-10,Healthcare,8,No,5,3,62,No
L01272,1-10,Retail,16,No,6,1,59,No
L01273,1-10,Manufacturing,8,No,6,3,21,Yes
L01274,51-200,Tech,11,No,6,1,64,No
L01275,11-50,Manufacturing,15,Yes,5,4,72,Yes
L01276,51-200,Healthcare,21,Yes,6,2,72,Yes
L01277,1-10,Tech,12,Yes,2,2,80,Yes
L01278,1-10,Tech,8,No,3,4,55,Yes
L01279,51-200,Manufacturing,16,No,3,1,62,No
L01280,1-10,Manufacturing,17,Yes,5,2,65,Yes
L01281,51-200,Manufacturing,13,No,2,1,26,No
L01282,11-50,Retail,17,No,7,3,72,Yes
L01283,1-10,Retail,18,Yes,5,2,43,Yes
L01284,1-10,Finance,13,Yes,2,1,35,No
L01285,51-200,Retail,13,No,7,2,36,No
L01286,1-10,Healthcare,9,No,7,3,13,Yes
L01287,201-1000,Finance,10,No,3,2,28,No
L01288,1-10,Finance,17,No,2,3,5,No
L01289,1-10,Manufacturing,7,No,8,2,12,No
L01290,11-50,Healthcare,15,No,4,1,76,No
L01291,1-10,Finance,11,Yes,1,5,57,Yes
L01292,201-1000,Healthcare,10,No,6,3,63,No
L01293,11-50,Healthcare,9,No,4,1,27,No
L01294,1-10,Manufacturing,10,No,7,3,19,No
L01295,1-10,Retail,16,Yes,3,3,21,No
L01296,11-50,Retail,11,No,2,2,35,Yes
L01297,51-200,Manufacturing,17,Yes,3,1,80,Yes
L01298,1-10,Tech,14,Yes,3,1,4,No
L01299,11-50,Healthcare,11,Yes,5,1,63,Yes
L01300,11-50,Retail,8,No,2,2,85,No
L01301,51-200,Manufacturing,11,No,8,1,54,No
L01302,51-200,Manufacturing,11,No,6,1,12,No
L01303,11-50,Retail,9,No,6,2,33,No
L01304,11-50,Finance,10,Yes,8,0,31,Yes
L01305,51-200,Finance,14,No,1,1,65,No
L01306,201-1000,Tech,7,No,4,1,27,No
L01307,11-50,Tech,13,Yes,3,0,43,No
L01308,201-1000,Finance,14,Yes,4,5,24,Yes
L01309,1-10,Healthcare,18,Yes,4,3,71,Yes
L01310,51-200,Retail,14,No,3,5,38,No
L01311,201-1000,Tech,12,Yes,9,2,25,Yes
L01312,11-50,Finance,12,Yes,4,2,33,No
L01313,51-200,Healthcare,10,No,11,2,61,Yes
L01314,1-10,Tech,9,No,4,1,53,No
L01315,51-200,Manufacturing,7,No,5,9,84,Yes
L01316,51-200,Finance,10,No,4,1,8,No
L01317,11-50,Tech,20,No,3,8,24,No
L01318,11-50,Retail,8,No,5,0,12,No
L01319,1-10,Manufacturing,15,No,4,1,57,Yes
L01320,51-200,Finance,11,No,4,0,63,Yes
L01321,11-50,Healthcare,18,No,7,2,45,Yes
L01322,11-50,Manufacturing,8,No,4,2,54,Yes
L01323,1-10,Tech,15,No,5,1,78,No
L01324,11-50,Manufacturing,16,Yes,5,2,72,Yes
L01325,1-10,Retail,8,No,5,1,68,No
L01326,51-200,Manufacturing,13,No,6,3,46,No
L01327,1-10,Retail,13,No,3,2,88,No
L01328,1-10,Manufacturing,20,No,2,4,26,No
L01329,1-10,Finance,18,Yes,4,1,3,No
L01330,11-50,Finance,12,Yes,3,1,85,No
L01331,51-200,Healthcare,12,No,6,1,7,No
L01332,1-10,Healthcare,14,No,3,1,52,No
L01333,11-50,Manufacturing,13,No,3,3,61,No
L01334,1-10,Retail,11,Yes,4,1,86,Yes
L01335,11-50,Manufacturing,11,Yes,5,1,59,Yes
L01336,1-10,Manufacturing,13,No,9,1,20,No
L01337,1-10,Retail,9,No,4,2,81,No
L01338,11-50,Manufacturing,18,No,4,1,80,No
L01339,11-50,Finance,11,Yes,4,1,34,Yes
L01340,1-10,Healthcare,8,No,9,4,36,No
L01341,11-50,Manufacturing,11,No,6,3,40,No
L01342,1-10,Healthcare,12,No,4,3,46,No
L01343,201-1000,Finance,9,No,2,3,48,Yes
L01344,1-10,Healthcare,9,No,3,2,53,No
L01345,201-1000,Tech,16,No,4,1,56,Yes
L01346,1-10,Finance,12,No,6,1,63,No
L01347,201-1000,Tech,10,No,1,0,43,No
L01348,1-10,Manufacturing,13,No,3,2,17,No
L01349,1-10,Healthcare,14,Yes,5,6,10,Yes
L01350,1-10,Retail,5,Yes,3,3,52,Yes
L01351,51-200,Retail,11,No,5,1,23,No
L01352,1-10,Healthcare,10,Yes,8,3,71,Yes
L01353,1-10,Retail,16,No,7,3,59,No
L01354,51-200,Retail,12,No,6,0,65,No
L01355,1-10,Tech,13,No,3,3,44,No
L01356,11-50,Tech,11,Yes,6,7,43,Yes
L01357,11-50,Retail,15,Yes,3,3,51,Yes
L01358,1-10,Tech,9,Yes,6,2,76,No
L01359,201-1000,Retail,12,Yes,4,3,84,No
L01360,11-50,Tech,15,No,9,4,41,No
L01361,1-10,Retail,9,Yes,6,3,25,Yes
L01362,51-200,Manufacturing,10,Yes,4,1,67,No
L01363,51-200,Manufacturing,19,No,6,3,61,Yes
L01364,1-10,Tech,10,No,2,1,20,No
L01365,1-10,Tech,8,Yes,4,3,72,Yes
L01366,201-1000,Healthcare,18,No,4,1,17,No
L01367,11-50,Manufacturing,15,Yes,5,1,80,Yes
L01368,11-50,Manufacturing,14,No,2,0,55,No
L01369,11-50,Manufacturing,13,No,5,2,78,No
L01370,51-200,Tech,16,Yes,8,2,78,No
L01371,11-50,Healthcare,8,Yes,5,0,40,Yes
L01372,51-200,Finance,8,Yes,1,0,66,No
L01373,11-50,Retail,20,Yes,4,1,8,No
L01374,1-10,Retail,11,No,3,5,1,Yes
L01375,11-50,Retail,16,No,4,0,48,No
L01376,51-200,Tech,18,No,4,0,14,No
L01377,11-50,Retail,11,No,5,2,14,Yes
L01378,11-50,Healthcare,15,No,9,2,64,No
L01379,1-10,Retail,10,Yes,5,3,33,Yes
L01380,51-200,Manufacturing,15,No,9,2,80,Yes
L01381,11-50,Healthcare,17,No,8,0,8,No
L01382,11-50,Retail,6,Yes,2,1,54,Yes
L01383,11-50,Tech,9,No,4,1,70,No
L01384,11-50,Retail,13,No,3,1,57,Yes
L01385,11-50,Healthcare,13,Yes,2,2,49,No
L01386,1-10,Retail,15,Yes,5,3,15,Yes
L01387,11-50,Tech,10,No,6,4,2,No
L01388,1-10,Finance,11,No,6,5,51,No
L01389,1-10,Healthcare,12,No,9,1,27,No
L01390,11-50,Healthcare,18,Yes,5,2,10,Yes
L01391,51-200,Tech,11,No,8,2,78,Yes
L01392,11-50,Tech,15,No,7,0,43,Yes
L01393,11-50,Retail,8,No,8,2,71,Yes
L01394,51-200,Healthcare,14,No,4,1,23,No
L01395,51-200,Tech,8,Yes,3,1,39,No
L01396,51-200,Healthcare,12,No,8,1,69,Yes
L01397,11-50,Retail,20,Yes,4,2,82,Yes
L01398,11-50,Healthcare,12,Yes,5,1,53,No
L01399,1-10,Tech,16,No,2,0,79,Yes
L01400,1-10,Tech,14,No,5,1,47,No
L01401,1-10,Finance,7,No,3,0,41,No
L01402,1-10,Tech,10,Yes,3,5,37,No
L01403,11-50,Retail,18,Yes,7,3,84,Yes
L01404,11-50,Tech,9,No,11,4,51,Yes
L01405,1-10,Healthcare,21,No,2,1,71,No
L01406,51-200,Finance,11,Yes,5,2,5,No
L01407,11-50,Finance,6,Yes,3,2,81,Yes
L01408,11-50,Manufacturing,12,No,3,1,50,No
L01409,1-10,Manufacturing,12,No,6,4,53,No
L01410,51-200,Retail,12,No,4,2,46,Yes
L01411,1-10,Healthcare,14,No,4,2,74,Yes
L01412,1-10,Tech,14,Yes,3,2,45,No
L01413,11-50,Finance,10,No,2,2,34,Yes
L01414,11-50,Healthcare,8,No,4,3,58,Yes
L01415,11-50,Finance,11,No,5,4,89,No
L01416,201-1000,Finance,9,No,2,1,7,No
L01417,1-10,Manufacturing,7,No,3,1,87,No
L01418,51-200,Retail,11,No,5,5,84,Yes
L01419,11-50,Manufacturing,21,Yes,2,3,54,No
L01420,51-200,Retail,16,Yes,6,2,75,Yes
L01421,51-200,Tech,18,Yes,8,2,10,Yes
L01422,51-200,Finance,15,No,3,2,69,Yes
L01423,51-200,Manufacturing,11,Yes,4,2,11,Yes
L01424,51-200,Manufacturing,6,No,1,1,31,No
L01425,1-10,Retail,18,No,6,1,83,No
L01426,11-50,Tech,11,Yes,3,3,80,No
L01427,51-200,Manufacturing,9,Yes,10,1,26,Yes
L01428,51-200,Finance,13,No,1,3,70,Yes
L01429,201-1000,Healthcare,10,Yes,2,5,64,Yes
L01430,11-50,Finance,10,Yes,6,1,61,No
L01431,1-10,Retail,12,Yes,6,3,18,Yes
L01432,51-200,Tech,12,No,4,1,1,No
L01433,1-10,Healthcare,4,No,5,3,86,Yes
L01434,51-200,Tech,8,Yes,4,2,33,Yes
L01435,1-10,Healthcare,9,Yes,6,5,42,Yes
L01436,11-50,Retail,15,Yes,11,2,23,Yes
L01437,11-50,Tech,12,No,4,2,12,No
L01438,1-10,Tech,17,No,4,2,82,No
L01439,11-50,Tech,19,No,8,1,10,Yes
L01440,1-10,Tech,13,No,8,1,2,No
L01441,51-200,Retail,17,No,3,3,42,No
L01442,51-200,Finance,8,No,2,2,29,Yes
L01443,11-50,Finance,13,No,3,2,47,No
L01444,11-50,Healthcare,16,Yes,8,3,71,Yes
L01445,201-1000,Retail,11,Yes,6,0,39,No
L01446,1-10,Manufacturing,18,No,5,3,80,No
L01447,51-200,Tech,10,Yes,5,3,13,Yes
L01448,1-10,Healthcare,11,No,7,2,5,Yes
L01449,11-50,Finance,12,No,2,2,75,No
L01450,1-10,Retail,18,No,4,2,35,Yes
L01451,1-10,Manufacturing,5,Yes,3,4,30,Yes
L01452,201-1000,Manufacturing,13,No,6,1,52,No
L01453,1-10,Manufacturing,11,No,1,4,43,No
L01454,201-1000,Retail,8,No,1,3,69,Yes
L01455,51-200,Healthcare,11,No,4,0,68,No
L01456,51-200,Healthcare,17,No,4,1,17,No
L01457,51-200,Healthcare,6,Yes,2,2,35,Yes
L01458,201-1000,Finance,11,No,6,2,37,No
L01459,1-10,Manufacturing,12,Yes,10,3,30,Yes
L01460,201-1000,Tech,6,No,4,3,78,Yes
L01461,11-50,Manufacturing,18,No,2,4,7,Yes
L01462,1-10,Manufacturing,14,Yes,4,3,72,Yes
L01463,201-1000,Tech,13,No,2,2,3,Yes
L01464,1-10,Healthcare,9,No,5,5,10,No
L01465,11-50,Tech,16,No,7,5,28,Yes
L01466,51-200,Manufacturing,7,Yes,1,1,86,Yes
L01467,1-10,Healthcare,7,No,3,3,21,No
L01468,51-200,Retail,3,Yes,3,0,86,No
L01469,11-50,Healthcare,10,No,5,2,72,No
L01470,51-200,Finance,14,Yes,6,1,5,Yes
L01471,1-10,Retail,12,Yes,8,4,80,Yes
L01472,51-200,Finance,12,Yes,5,2,78,No
L01473,51-200,Healthcare,11,Yes,8,2,34,Yes
L01474,1-10,Finance,13,Yes,4,1,36,Yes
L01475,201-1000,Finance,10,No,8,2,12,Yes
L01476,201-1000,Healthcare,12,No,7,0,32,Yes
L01477,11-50,Finance,10,Yes,4,2,56,No
L01478,201-1000,Manufacturing,11,Yes,4,3,76,Yes
L01479,201-1000,Finance,5,No,2,2,27,No
L01480,1-10,Retail,13,No,4,4,3,No
L01481,51-200,Finance,16,No,6,0,29,Yes
L01482,201-1000,Finance,8,No,6,1,69,No
L01483,51-200,Retail,20,No,4,0,67,No
L01484,1-10,Finance,15,No,4,3,35,No
L01485,11-50,Manufacturing,9,No,2,2,17,Yes
L01486,11-50,Retail,9,No,4,4,72,No
L01487,11-50,Tech,17,Yes,5,0,72,No
L01488,11-50,Finance,10,No,3,3,78,No
L01489,1-10,Retail,18,No,6,3,85,No
L01490,1-10,Tech,14,No,4,2,9,Yes
L01491,11-50,Manufacturing,19,No,5,1,74,No
L01492,11-50,Retail,13,No,3,3,11,No
L01493,11-50,Retail,14,Yes,3,4,50,Yes
L01494,201-1000,Healthcare,12,No,7,1,86,No
L01495,1-10,Healthcare,15,Yes,4,2,26,Yes
L01496,11-50,Finance,16,No,2,0,82,No
L01497,51-200,Manufacturing,12,Yes,2,0,66,Yes
L01498,51-200,Retail,14,No,8,2,19,No
L01499,1-10,Manufacturing,13,No,2,1,58,No
L01500,51-200,Finance,9,Yes,8,1,78,Yes
L01501,1-10,Retail,10,No,1,2,77,No
L01502,201-1000,Manufacturing,17,No,10,3,58,No
L01503,1-10,Healthcare,9,No,4,5,4,No
L01504,11-50,Retail,14,No,3,2,19,No
L01505,11-50,Finance,6,No,8,3,85,No
L01506,11-50,Manufacturing,11,No,4,3,20,No
L01507,1-10,Manufacturing,12,No,4,3,43,No
L01508,11-50,Healthcare,14,Yes,6,1,88,Yes
L01509,1-10,Retail,18,Yes,9,2,22,Yes
L01510,11-50,Manufacturing,7,No,1,5,39,No
L01511,11-50,Retail,10,Yes,2,5,82,Yes
L01512,11-50,Healthcare,8,No,6,3,84,Yes
L01513,11-50,Retail,16,Yes,3,0,80,Yes
L01514,51-200,Tech,11,No,7,3,57,Yes
L01515,201-1000,Tech,8,Yes,3,0,38,Yes
L01516,11-50,Tech,20,No,5,2,55,Yes
L01517,11-50,Healthcare,7,Yes,3,2,25,No
L01518,11-50,Tech,13,Yes,7,0,17,No
L01519,11-50,Retail,10,Yes,5,1,7,Yes
L01520,11-50,Retail,15,Yes,9,2,55,No
L01521,1-10,Retail,9,No,4,1,34,No
L01522,11-50,Tech,17,No,8,6,58,No
L01523,1-10,Manufacturing,12,Yes,3,2,78,Yes
L01524,51-200,Retail,15,Yes,7,2,83,No
L01525,51-200,Tech,13,No,3,2,9,Yes
L01526,51-200,Retail,9,No,4,2,23,No
L01527,51-200,Finance,11,Yes,5,2,6,No
L01528,1-10,Manufacturing,9,No,5,1,87,No
L01529,1-10,Retail,19,No,6,2,33,Yes
L01530,1-10,Healthcare,5,No,1,2,20,Yes
L01531,11-50,Manufacturing,11,No,6,4,3,Yes
L01532,1-10,Healthcare,19,Yes,5,0,38,Yes
L01533,1-10,Healthcare,12,No,6,1,71,No
L01534,201-1000,Healthcare,14,No,9,2,88,No
L01535,11-50,Finance,11,Yes,8,3,25,Yes
L01536,1-10,Retail,12,No,3,2,20,No
L01537,11-50,Finance,14,Yes,4,0,17,No
L01538,51-200,Healthcare,13,No,6,2,64,No
L01539,11-50,Manufacturing,6,No,2,2,15,Yes
L01540,1-10,Tech,16,No,6,0,26,No
L01541,11-50,Tech,12,No,11,2,23,No
L01542,1-10,Manufacturing,9,No,4,7,47,No
L01543,51-200,Tech,13,No,8,4,19,No
L01544,201-1000,Manufacturing,14,No,4,4,7,No
L01545,1-10,Retail,14,No,4,4,56,No
L01546,11-50,Retail,17,No,5,2,42,No
L01547,51-200,Finance,14,No,5,2,82,No
L01548,11-50,Retail,16,No,5,0,75,No
L01549,1-10,Manufacturing,11,No,8,3,15,No
L01550,1-10,Finance,7,No,3,3,33,No
L01551,11-50,Finance,14,No,9,4,78,Yes
L01552,1-10,Tech,8,No,2,1,16,No
L01553,51-200,Finance,10,Yes,5,2,36,No
L01554,11-50,Finance,16,No,5,2,46,Yes
L01555,11-50,Healthcare,13,Yes,6,0,35,Yes
L01556,51-200,Finance,15,No,7,2,57,No
L01557,1-10,Retail,14,No,4,3,88,Yes
L01558,11-50,Finance,18,Yes,5,1,52,Yes
L01559,11-50,Retail,16,Yes,3,2,87,Yes
L01560,1-10,Manufacturing,12,No,3,4,22,No
L01561,51-200,Retail,16,No,4,3,27,No
L01562,51-200,Healthcare,22,No,1,1,54,No
L01563,1-10,Tech,15,No,3,2,57,Yes
L01564,11-50,Manufacturing,16,No,6,1,14,Yes
L01565,11-50,Tech,12,Yes,6,2,49,Yes
L01566,201-1000,Tech,17,Yes,7,2,28,Yes
L01567,51-200,Healthcare,19,No,4,1,58,Yes
L01568,201-1000,Tech,15,No,6,1,35,No
L01569,51-200,Finance,20,No,5,1,17,Yes
L01570,51-200,Retail,9,Yes,7,0,24,Yes
L01571,11-50,Finance,8,No,8,0,55,Yes
L01572,51-200,Retail,15,Yes,9,4,32,No
L01573,11-50,Finance,12,No,10,2,21,Yes
L01574,51-200,Manufacturing,19,No,4,1,25,No
L01575,51-200,Manufacturing,12,No,8,2,23,No
L01576,11-50,Healthcare,8,No,6,3,65,No
L01577,1-10,Tech,13,No,6,0,43,No
L01578,11-50,Healthcare,9,Yes,6,3,38,Yes
L01579,11-50,Manufacturing,8,Yes,6,0,7,Yes
L01580,51-200,Retail,20,No,7,1,56,No
L01581,1-10,Finance,11,Yes,4,2,88,Yes
L01582,1-10,Retail,11,No,8,3,6,Yes
L01583,11-50,Tech,8,Yes,8,1,22,Yes
L01584,51-200,Retail,8,No,7,0,62,No
L01585,1-10,Healthcare,6,No,5,1,63,No
L01586,51-200,Retail,9,No,3,3,60,Yes
L01587,201-1000,Retail,15,No,4,3,38,Yes
L01588,1-10,Tech,16,No,5,1,89,No
L01589,51-200,Finance,8,Yes,5,0,71,Yes
L01590,11-50,Tech,22,No,2,1,52,No
L01591,1-10,Healthcare,14,No,2,1,84,No
L01592,1-10,Manufacturing,9,Yes,2,1,40,Yes
L01593,11-50,Finance,18,No,11,2,15,No
L01594,1-10,Finance,14,Yes,7,1,7,Yes
L01595,51-200,Healthcare,7,No,5,2,64,No
L01596,11-50,Healthcare,11,Yes,6,2,46,Yes
L01597,11-50,Healthcare,16,No,5,7,16,No
L01598,51-200,Retail,15,Yes,5,1,73,No
L01599,201-1000,Healthcare,7,No,10,3,84,No
L01600,11-50,Finance,7,No,2,5,7,No
L01601,11-50,Tech,11,No,6,1,35,No
L01602,11-50,Manufacturing,12,No,3,2,10,No
L01603,11-50,Finance,13,No,4,1,8,No
L01604,51-200,Tech,9,Yes,10,3,13,Yes
L01605,1-10,Tech,10,Yes,2,0,26,No
L01606,1-10,Healthcare,14,No,4,2,22,No
L01607,1-10,Manufacturing,14,No,5,2,3,Yes
L01608,1-10,Tech,13,No,4,0,40,No
L01609,1-10,Healthcare,9,Yes,6,5,64,No
L01610,201-1000,Healthcare,15,Yes,3,3,50,Yes
L01611,51-200,Healthcare,9,No,6,1,24,No
L01612,11-50,Retail,10,Yes,2,2,51,Yes
L01613,201-1000,Retail,11,No,6,0,76,No
L01614,11-50,Manufacturing,11,Yes,0,2,27,Yes
L01615,51-200,Healthcare,9,No,5,1,21,No
L01616,1-10,Healthcare,14,No,6,2,87,No
L01617,1-10,Finance,15,No,4,3,10,No
L01618,11-50,Tech,5,No,2,2,22,No
L01619,51-200,Tech,15,No,3,2,70,No
L01620,1-10,Retail,12,Yes,4,0,84,Yes
L01621,11-50,Tech,11,No,3,1,52,No
L01622,1-10,Retail,13,No,7,0,76,No
L01623,1-10,Tech,12,No,5,1,39,No
L01624,11-50,Healthcare,13,No,7,1,83,Yes
L01625,201-1000,Tech,8,No,6,0,80,No
L01626,201-1000,Healthcare,14,No,4,2,4,No
L01627,11-50,Tech,8,No,5,2,69,No
L01628,1-10,Manufacturing,14,Yes,6,2,40,Yes
L01629,1-10,Healthcare,6,No,8,2,48,No
L01630,51-200,Tech,16,Yes,7,1,67,No
L01631,201-1000,Healthcare,18,Yes,5,3,15,Yes
L01632,1-10,Manufacturing,10,Yes,4,0,60,Yes
L01633,51-200,Manufacturing,9,No,2,0,87,No
L01634,51-200,Manufacturing,10,No,7,3,77,No
L01635,1-10,Healthcare,15,Yes,4,2,87,Yes
L01636,201-1000,Retail,10,Yes,5,1,37,No
L01637,11-50,Finance,16,No,5,0,33,No
L01638,51-200,Healthcare,16,Yes,8,4,76,Yes
L01639,51-200,Tech,13,No,0,0,14,No
L01640,51-200,Manufacturing,7,Yes,6,2,2,Yes
L01641,51-200,Manufacturing,11,Yes,1,0,80,Yes
L01642,51-200,Healthcare,9,No,3,3,77,No
L01643,11-50,Healthcare,13,No,4,1,8,Yes
L01644,11-50,Manufacturing,14,No,5,0,31,No
L01645,201-1000,Manufacturing,15,No,8,1,53,No
L01646,1-10,Retail,15,No,2,4,75,No
L01647,11-50,Retail,9,No,4,2,70,No
L01648,1-10,Retail,18,No,5,1,7,Yes
L01649,11-50,Finance,15,Yes,3,2,23,Yes
L01650,11-50,Tech,7,Yes,6,2,15,No
L01651,1-10,Healthcare,15,Yes,5,5,5,No
L01652,11-50,Healthcare,9,No,5,5,40,No
L01653,11-50,Manufacturing,9,Yes,8,2,71,Yes
L01654,11-50,Tech,12,No,4,4,57,No
L01655,51-200,Manufacturing,15,No,6,2,73,Yes
L01656,11-50,Manufacturing,8,Yes,4,2,87,Yes
L01657,11-50,Tech,16,Yes,6,1,61,No
L01658,51-200,Finance,12,No,5,2,69,Yes
L01659,11-50,Tech,11,No,1,3,3,No
L01660,11-50,Healthcare,9,Yes,4,7,46,Yes
L01661,1-10,Tech,12,No,5,3,38,No
L01662,201-1000,Retail,6,Yes,5,5,15,Yes
L01663,1-10,Tech,14,No,5,1,18,No
L01664,11-50,Retail,9,No,8,0,39,No
L01665,11-50,Retail,11,No,6,4,9,No
L01666,201-1000,Healthcare,17,No,3,2,43,No
L01667,11-50,Retail,14,No,6,4,58,No
L01668,1-10,Healthcare,12,Yes,8,3,11,Yes
L01669,51-200,Finance,16,No,8,2,19,No
L01670,201-1000,Healthcare,9,No,4,5,26,Yes
L01671,11-50,Finance,10,Yes,5,0,59,Yes
L01672,201-1000,Finance,12,No,4,2,39,No
L01673,11-50,Retail,10,Yes,7,2,12,Yes
L01674,51-200,Healthcare,5,Yes,4,4,15,Yes
L01675,1-10,Healthcare,14,Yes,9,1,68,Yes
L01676,51-200,Finance,9,No,7,1,22,No
L01677,51-200,Tech,7,No,5,2,18,No
L01678,1-10,Tech,19,No,1,2,42,Yes
L01679,51-200,Manufacturing,14,No,2,4,23,No
L01680,11-50,Retail,12,No,5,1,52,No
L01681,11-50,Healthcare,7,No,6,2,38,No
L01682,1-10,Finance,11,No,6,4,41,No
L01683,51-200,Healthcare,10,Yes,7,1,25,Yes
L01684,11-50,Finance,13,No,8,3,78,No
L01685,11-50,Tech,8,No,5,4,71,No
L01686,1-10,Retail,18,Yes,5,3,70,Yes
L01687,1-10,Healthcare,15,No,2,0,53,No
L01688,1-10,Retail,12,No,5,1,42,No
L01689,11-50,Retail,6,Yes,2,3,27,Yes
L01690,1-10,Finance,9,Yes,5,0,61,Yes
L01691,1-10,Retail,11,No,9,1,42,No
L01692,11-50,Finance,13,No,5,5,27,Yes
L01693,1-10,Finance,9,Yes,7,1,86,No
L01694,11-50,Finance,6,No,6,0,62,No
L01695,11-50,Finance,11,Yes,2,1,5,Yes
L01696,51-200,Healthcare,9,No,5,1,66,No
L01697,11-50,Healthcare,10,Yes,6,3,86,No
L01698,1-10,Manufacturing,10,No,4,2,26,No
L01699,201-1000,Finance,14,Yes,2,3,39,Yes
L01700,1-10,Tech,15,Yes,3,1,74,No
L01701,11-50,Retail,9,No,10,3,60,No
L01702,11-50,Tech,12,No,7,4,28,No
L01703,11-50,Manufacturing,11,No,6,1,28,No
L01704,51-200,Manufacturing,13,No,4,2,60,Yes
L01705,51-200,Finance,18,No,8,3,6,Yes
L01706,11-50,Manufacturing,9,Yes,1,4,68,Yes
L01707,11-50,Retail,13,No,3,3,30,No
L01708,1-10,Healthcare,9,No,2,1,21,No
L01709,51-200,Manufacturing,10,No,2,4,85,Yes
L01710,201-1000,Finance,12,Yes,2,1,31,Yes
L01711,1-10,Retail,10,Yes,2,5,63,Yes
L01712,11-50,Tech,11,Yes,7,1,20,Yes
L01713,11-50,Healthcare,11,Yes,5,1,47,No
L01714,51-200,Manufacturing,9,Yes,6,1,6,Yes
L01715,51-200,Manufacturing,16,No,3,4,32,No
L01716,51-200,Tech,8,Yes,3,3,69,Yes
L01717,51-200,Manufacturing,11,Yes,1,2,44,No
L01718,11-50,Finance,14,No,4,1,13,No
L01719,1-10,Tech,12,Yes,7,2,16,Yes
L01720,11-50,Healthcare,8,Yes,6,2,4,Yes
L01721,51-200,Finance,15,No,5,1,28,No
L01722,11-50,Healthcare,10,Yes,7,3,49,No
L01723,1-10,Finance,5,Yes,7,0,4,No
L01724,11-50,Healthcare,8,No,1,2,18,No
L01725,11-50,Tech,12,No,3,0,36,No
L01726,1-10,Manufacturing,11,No,3,2,49,Yes
L01727,51-200,Retail,13,No,2,2,87,No
L01728,51-200,Finance,8,No,6,1,71,No
L01729,1-10,Retail,20,No,7,0,37,No
L01730,1-10,Finance,16,No,6,2,85,Yes
L01731,1-10,Healthcare,12,Yes,5,2,75,No
L01732,11-50,Tech,9,No,4,5,23,Yes
L01733,201-1000,Retail,11,No,7,0,13,Yes
L01734,11-50,Tech,10,Yes,7,1,57,No
L01735,201-1000,Healthcare,13,No,6,1,5,No
L01736,1-10,Tech,15,No,5,4,45,Yes
L01737,1-10,Finance,14,No,0,1,64,No
L01738,11-50,Tech,8,No,2,0,10,No
L01739,1-10,Healthcare,15,No,3,3,67,Yes
L01740,1-10,Manufacturing,10,No,9,2,50,No
L01741,51-200,Tech,12,Yes,4,1,65,No
L01742,11-50,Manufacturing,13,No,9,1,73,No
L01743,51-200,Manufacturing,10,Yes,8,2,50,Yes
L01744,1-10,Healthcare,6,No,9,3,42,No
L01745,1-10,Retail,16,No,6,1,46,No
L01746,51-200,Retail,11,No,3,5,24,No
L01747,11-50,Manufacturing,12,No,2,1,10,No
L01748,1-10,Manufacturing,12,Yes,4,3,62,Yes
L01749,11-50,Manufacturing,8,No,2,1,67,No
L01750,1-10,Manufacturing,5,No,3,2,37,No
L01751,1-10,Manufacturing,13,Yes,5,1,27,No
L01752,11-50,Finance,8,No,2,2,28,No
L01753,1-10,Finance,12,No,2,2,16,Yes
L01754,1-10,Healthcare,10,Yes,5,3,66,Yes
L01755,1-10,Retail,10,No,4,2,84,No
L01756,1-10,Finance,7,Yes,5,3,78,Yes
L01757,11-50,Healthcare,10,Yes,4,5,39,Yes
L01758,1-10,Healthcare,17,No,5,0,77,No
L01759,11-50,Manufacturing,13,Yes,4,6,69,No
L01760,11-50,Healthcare,10,No,7,0,9,No
L01761,1-10,Healthcare,9,No,11,1,26,No
L01762,1-10,Finance,15,No,4,1,28,No
L01763,1-10,Retail,11,No,3,2,60,No
L01764,201-1000,Retail,20,No,11,0,58,No
L01765,11-50,Finance,14,No,10,6,13,Yes
L01766,11-50,Manufacturing,14,Yes,5,1,69,Yes
L01767,51-200,Manufacturing,15,No,2,1,11,No
L01768,51-200,Tech,17,No,4,1,50,Yes
L01769,51-200,Retail,5,No,9,1,37,No
L01770,51-200,Manufacturing,13,No,4,5,33,No
L01771,11-50,Finance,12,No,1,0,25,No
L01772,1-10,Manufacturing,12,Yes,4,3,63,Yes
L01773,11-50,Manufacturing,7,No,4,1,6,No
L01774,11-50,Finance,15,No,3,2,44,No
L01775,51-200,Manufacturing,10,Yes,2,3,41,Yes
L01776,1-10,Retail,10,No,6,1,69,No
L01777,51-200,Retail,9,Yes,4,4,39,Yes
L01778,1-10,Tech,20,No,4,1,6,Yes
L01779,11-50,Tech,8,Yes,8,3,52,Yes
L01780,11-50,Healthcare,14,No,1,1,61,No
L01781,1-10,Manufacturing,10,No,4,3,12,Yes
L01782,51-200,Tech,18,Yes,3,3,66,Yes
L01783,51-200,Manufacturing,13,Yes,6,1,42,Yes
L01784,1-10,Finance,23,Yes,2,2,30,Yes
L01785,51-200,Finance,11,Yes,4,3,85,Yes
L01786,201-1000,Finance,10,No,5,1,4,No
L01787,11-50,Healthcare,7,Yes,6,2,34,Yes
L01788,11-50,Manufacturing,16,No,3,0,43,No
L01789,51-200,Healthcare,11,No,2,1,40,No
L01790,11-50,Manufacturing,11,No,3,0,34,No
L01791,11-50,Healthcare,9,Yes,2,8,37,Yes
L01792,51-200,Manufacturing,12,No,5,2,71,No
L01793,1-10,Manufacturing,10,No,3,2,26,Yes
L01794,51-200,Tech,11,No,4,2,47,No
L01795,11-50,Manufacturing,12,No,10,5,8,No
L01796,11-50,Finance,12,Yes,3,3,71,Yes
L01797,1-10,Tech,19,No,6,4,70,No
L01798,51-200,Finance,9,Yes,4,1,81,Yes
L01799,1-10,Retail,16,No,3,0,84,No
L01800,11-50,Tech,14,Yes,5,2,55,Yes
L01801,11-50,Tech,19,Yes,5,1,59,Yes
L01802,1-10,Tech,11,No,8,1,17,No
L01803,51-200,Tech,15,No,8,2,85,No
L01804,11-50,Healthcare,10,No,4,2,7,Yes
L01805,1-10,Tech,9,No,3,0,89,No
L01806,51-200,Retail,16,No,4,4,47,No
L01807,51-200,Finance,14,Yes,6,0,47,No
L01808,201-1000,Finance,10,Yes,8,2,81,Yes
L01809,51-200,Finance,18,Yes,12,3,80,No
L01810,11-50,Retail,15,No,1,4,51,Yes
L01811,51-200,Finance,7,No,4,1,74,No
L01812,11-50,Finance,9,No,5,2,8,No
L01813,11-50,Finance,14,Yes,6,2,62,Yes
L01814,11-50,Finance,13,Yes,1,1,83,Yes
L01815,11-50,Finance,11,No,4,3,65,No
L01816,201-1000,Tech,18,No,8,1,59,No
L01817,11-50,Finance,11,Yes,7,2,54,Yes
L01818,11-50,Manufacturing,15,No,3,2,44,Yes
L01819,11-50,Tech,12,Yes,3,1,71,No
L01820,11-50,Healthcare,10,No,5,4,79,No
L01821,1-10,Healthcare,11,No,5,1,63,No
L01822,201-1000,Healthcare,14,No,3,5,46,Yes
L01823,51-200,Manufacturing,11,No,8,2,19,Yes
L01824,11-50,Tech,21,Yes,7,2,15,Yes
L01825,11-50,Healthcare,14,Yes,5,2,24,Yes
L01826,51-200,Retail,13,No,7,2,35,No
L01827,11-50,Retail,6,Yes,7,2,21,Yes
L01828,1-10,Healthcare,14,No,6,4,35,No
L01829,11-50,Healthcare,9,No,4,1,45,No
L01830,11-50,Manufacturing,12,Yes,10,4,19,Yes
L01831,51-200,Tech,12,Yes,4,3,15,Yes
L01832,51-200,Manufacturing,19,No,4,0,4,No
L01833,51-200,Tech,20,Yes,4,2,3,Yes
L01834,51-200,Finance,11,No,5,4,74,No
L01835,11-50,Tech,7,No,7,1,9,No
L01836,1-10,Finance,8,Yes,5,4,86,Yes
L01837,201-1000,Healthcare,13,No,3,6,78,No
L01838,51-200,Retail,12,No,5,1,77,No
L01839,11-50,Healthcare,13,Yes,6,3,77,Yes
L01840,51-200,Finance,15,No,6,0,17,No
L01841,51-200,Finance,16,Yes,6,5,30,Yes
L01842,11-50,Tech,10,Yes,5,1,3,Yes
L01843,11-50,Tech,17,No,3,1,9,Yes
L01844,201-1000,Manufacturing,13,No,3,2,58,No
L01845,1-10,Healthcare,11,Yes,3,0,28,Yes
L01846,1-10,Retail,11,No,1,0,23,No
L01847,201-1000,Tech,13,No,4,1,31,No
L01848,51-200,Tech,14,No,4,0,70,No
L01849,1-10,Manufacturing,9,No,9,3,47,No
L01850,11-50,Finance,16,No,3,1,47,Yes
L01851,11-50,Healthcare,13,No,4,2,46,No
L01852,51-200,Manufacturing,17,No,5,3,18,Yes
L01853,11-50,Manufacturing,6,No,5,1,53,No
L01854,11-50,Healthcare,11,Yes,5,3,77,Yes
L01855,11-50,Manufacturing,7,Yes,3,1,29,Yes
L01856,11-50,Manufacturing,12,No,5,0,77,No
L01857,1-10,Manufacturing,10,No,5,4,15,No
L01858,1-10,Tech,10,No,7,2,36,No
L01859,1-10,Tech,12,No,3,5,1,No
L01860,201-1000,Finance,7,No,7,2,15,Yes
L01861,11-50,Manufacturing,13,No,6,1,76,No
L01862,11-50,Healthcare,22,No,3,2,88,No
L01863,201-1000,Healthcare,9,Yes,8,1,1,Yes
L01864,1-10,Manufacturing,12,No,2,1,12,No
L01865,1-10,Finance,9,Yes,4,2,77,No
L01866,1-10,Finance,10,Yes,8,2,80,Yes
L01867,201-1000,Manufacturing,11,No,6,2,80,No
L01868,51-200,Finance,13,Yes,7,2,49,Yes
L01869,1-10,Manufacturing,17,No,4,0,58,No
L01870,1-10,Finance,15,No,6,5,9,No
L01871,1-10,Manufacturing,8,No,5,0,55,No
L01872,201-1000,Tech,17,Yes,2,2,35,Yes
L01873,11-50,Tech,10,No,6,2,3,No
L01874,51-200,Finance,10,No,4,1,66,No
L01875,51-200,Healthcare,12,Yes,2,2,12,No
L01876,201-1000,Finance,10,No,5,0,38,Yes
L01877,11-50,Finance,11,Yes,4,3,17,No
L01878,1-10,Healthcare,11,No,5,6,40,No
L01879,11-50,Finance,10,Yes,1,1,49,Yes
L01880,51-200,Manufacturing,10,No,2,6,44,No
L01881,201-1000,Finance,10,No,6,5,61,Yes
L01882,11-50,Tech,12,No,9,1,43,No
L01883,11-50,Healthcare,11,Yes,6,0,16,Yes
L01884,51-200,Tech,19,No,4,2,30,Yes
L01885,11-50,Finance,11,No,4,4,15,No
L01886,1-10,Finance,6,No,6,1,18,No
L01887,1-10,Tech,13,No,5,1,57,No
L01888,11-50,Retail,15,No,5,2,26,No
L01889,1-10,Healthcare,9,No,8,1,65,No
L01890,51-200,Retail,16,No,4,1,76,No
L01891,51-200,Healthcare,11,Yes,5,2,15,Yes
L01892,201-1000,Retail,12,No,5,0,12,No
L01893,51-200,Healthcare,13,No,6,3,77,No
L01894,11-50,Manufacturing,10,Yes,6,3,47,Yes
L01895,1-10,Manufacturing,10,Yes,5,2,10,Yes
L01896,1-10,Tech,10,Yes,3,2,48,Yes
L01897,51-200,Healthcare,9,Yes,1,2,61,No
L01898,11-50,Manufacturing,12,No,5,3,83,No
L01899,1-10,Tech,9,Yes,2,2,76,Yes
L01900,11-50,Finance,11,Yes,5,2,51,No
L01901,51-200,Tech,9,No,6,0,42,No
L01902,51-200,Finance,10,Yes,6,1,1,No
L01903,51-200,Manufacturing,11,Yes,8,1,85,Yes
L01904,201-1000,Manufacturing,9,Yes,9,1,48,Yes
L01905,11-50,Manufacturing,18,No,8,2,65,No
L01906,51-200,Retail,12,Yes,4,5,4,Yes
L01907,1-10,Tech,15,No,2,2,41,No
L01908,51-200,Retail,11,No,5,1,13,No
L01909,11-50,Healthcare,10,No,2,2,70,No
L01910,1-10,Manufacturing,11,No,2,1,80,No
L01911,1-10,Healthcare,11,No,4,5,86,Yes
L01912,51-200,Manufacturing,11,Yes,4,0,37,No
L01913,1-10,Manufacturing,7,No,10,3,9,No
L01914,11-50,Tech,7,No,5,1,73,No
L01915,11-50,Tech,14,No,6,1,64,No
L01916,51-200,Healthcare,13,No,6,3,14,No
L01917,1-10,Tech,13,Yes,1,0,4,Yes
L01918,1-10,Tech,13,No,5,1,58,No
L01919,1-10,Tech,11,No,4,2,62,No
L01920,51-200,Tech,14,No,5,1,89,No
L01921,1-10,Retail,12,No,5,1,8,No
L01922,11-50,Healthcare,11,No,4,3,57,No
L01923,11-50,Healthcare,19,Yes,5,3,89,Yes
L01924,11-50,Manufacturing,19,No,3,0,74,Yes
L01925,11-50,Tech,12,No,8,1,29,No
L01926,11-50,Manufacturing,10,Yes,4,1,67,Yes
L01927,1-10,Tech,12,Yes,3,1,47,No
L01928,11-50,Healthcare,11,No,7,2,80,Yes
L01929,11-50,Retail,13,No,2,2,85,No
L01930,1-10,Manufacturing,18,No,1,0,49,Yes
L01931,11-50,Retail,11,No,2,1,38,No
L01932,11-50,Retail,8,No,7,0,41,No
L01933,1-10,Healthcare,18,Yes,5,4,12,Yes
L01934,1-10,Finance,17,No,6,3,6,No
L01935,11-50,Tech,7,Yes,1,1,79,Yes
L01936,51-200,Finance,7,No,4,0,32,No
L01937,51-200,Finance,13,Yes,5,2,12,No
L01938,11-50,Retail,17,No,9,3,42,Yes
L01939,1-10,Finance,8,No,3,3,77,No
L01940,11-50,Finance,9,Yes,3,3,45,Yes
L01941,201-1000,Finance,10,No,4,3,75,Yes
L01942,1-10,Tech,14,No,4,2,34,Yes
L01943,11-50,Manufacturing,10,No,10,3,56,Yes
L01944,1-10,Manufacturing,17,Yes,3,1,69,Yes
L01945,11-50,Finance,3,No,6,3,21,No
L01946,1-10,Finance,15,No,2,0,61,No
L01947,201-1000,Manufacturing,11,No,6,4,23,No
L01948,11-50,Manufacturing,9,Yes,5,3,11,Yes
L01949,11-50,Retail,12,Yes,5,0,39,No
L01950,11-50,Healthcare,14,No,6,0,30,No
L01951,11-50,Tech,11,No,3,3,70,Yes
L01952,1-10,Healthcare,13,No,4,1,65,No
L01953,51-200,Finance,11,No,4,0,20,No
L01954,1-10,Finance,8,No,7,3,80,No
L01955,1-10,Retail,11,Yes,4,2,50,No
L01956,11-50,Manufacturing,9,No,5,2,62,No
L01957,1-10,Finance,8,No,8,2,81,Yes
L01958,11-50,Healthcare,13,No,2,1,8,No
L01959,1-10,Healthcare,11,No,6,3,1,No
L01960,201-1000,Retail,6,Yes,3,1,26,No
L01961,51-200,Tech,7,No,5,0,56,No
L01962,1-10,Tech,11,No,9,2,86,Yes
L01963,51-200,Retail,16,No,3,2,55,Yes
L01964,1-10,Finance,7,No,6,0,20,No
L01965,11-50,Retail,10,No,2,4,6,No
L01966,51-200,Finance,15,No,7,1,21,No
L01967,1-10,Tech,13,No,7,0,18,No
L01968,1-10,Finance,11,No,1,2,72,No
L01969,51-200,Retail,12,No,0,0,10,No
L01970,51-200,Finance,17,No,5,3,54,No
L01971,201-1000,Finance,20,Yes,2,3,66,Yes
L01972,1-10,Healthcare,16,No,6,1,71,No
L01973,1-10,Tech,12,Yes,6,1,67,Yes
L01974,1-10,Tech,15,Yes,2,3,48,No
L01975,11-50,Retail,8,No,3,6,2,No
L01976,1-10,Finance,7,No,9,4,76,No
L01977,11-50,Healthcare,11,No,3,1,64,No
L01978,1-10,Manufacturing,11,No,6,4,83,Yes
L01979,11-50,Manufacturing,9,No,5,2,40,No
L01980,11-50,Healthcare,11,No,4,1,21,No
L01981,1-10,Healthcare,12,No,3,1,38,No
L01982,51-200,Finance,6,Yes,4,1,27,Yes
L01983,201-1000,Finance,10,No,3,1,88,No
L01984,11-50,Tech,10,Yes,7,2,12,Yes
L01985,11-50,Manufacturing,14,No,4,0,85,No
L01986,11-50,Healthcare,9,No,1,1,88,No
L01987,201-1000,Finance,12,No,9,1,48,No
L01988,51-200,Retail,11,Yes,3,4,76,No
L01989,201-1000,Manufacturing,9,No,4,2,38,Yes
L01990,11-50,Manufacturing,13,No,7,1,57,Yes
L01991,11-50,Retail,9,No,9,2,24,No
L01992,1-10,Retail,14,No,3,0,33,Yes
L01993,1-10,Retail,7,No,5,2,64,No
L01994,201-1000,Manufacturing,23,No,5,3,60,No
L01995,11-50,Healthcare,10,Yes,3,2,35,Yes
L01996,11-50,Retail,8,No,2,5,14,Yes
L01997,1-10,Finance,10,No,6,2,83,No
L01998,201-1000,Tech,14,No,3,1,27,No
L01999,1-10,Manufacturing,15,No,4,4,61,Yes
L02000,11-50,Finance,12,Yes,8,1,14,No
L02001,11-50,Healthcare,13,Yes,6,6,67,Yes
L02002,51-200,Retail,6,Yes,5,1,38,No
L02003,51-200,Tech,16,No,3,2,87,Yes
L02004,51-200,Finance,12,No,3,2,17,No
L02005,11-50,Manufacturing,9,No,8,2,40,No
L02006,11-50,Tech,12,No,4,2,33,Yes
L02007,51-200,Retail,12,No,4,6,42,Yes
L02008,1-10,Finance,14,No,4,3,81,Yes
L02009,1-10,Healthcare,10,No,6,1,77,Yes
L02010,51-200,Finance,14,No,1,2,5,No
L02011,51-200,Retail,12,Yes,8,1,25,Yes
L02012,51-200,Finance,14,No,5,3,10,No
L02013,1-10,Finance,11,No,6,2,55,No
L02014,51-200,Tech,7,No,4,3,37,No
L02015,201-1000,Finance,11,Yes,7,2,58,Yes
L02016,11-50,Healthcare,16,No,8,1,3,No
L02017,11-50,Finance,7,No,10,2,45,Yes
L02018,11-50,Finance,10,No,2,1,31,Yes
L02019,11-50,Healthcare,9,Yes,5,3,21,No
L02020,1-10,Finance,14,No,3,0,3,No
L02021,1-10,Tech,17,Yes,4,2,68,Yes
L02022,201-1000,Retail,7,No,1,0,17,No
L02023,11-50,Retail,12,No,10,2,80,Yes
L02024,11-50,Finance,12,Yes,5,0,48,Yes
L02025,11-50,Finance,8,No,2,1,85,No
L02026,1-10,Healthcare,13,Yes,6,1,47,Yes
L02027,1-10,Tech,11,Yes,4,4,22,No
L02028,1-10,Finance,11,No,5,1,59,No
L02029,51-200,Manufacturing,13,No,4,4,50,Yes
L02030,51-200,Finance,18,Yes,2,0,5,No
L02031,201-1000,Finance,13,No,6,2,79,No
L02032,201-1000,Healthcare,5,Yes,4,0,68,No
L02033,1-10,Tech,18,No,5,1,17,Yes
L02034,1-10,Finance,15,No,2,1,8,No
L02035,51-200,Finance,8,No,7,1,34,Yes
L02036,1-10,Retail,14,No,3,2,42,No
L02037,201-1000,Healthcare,9,No,4,3,4,No
L02038,11-50,Retail,15,No,4,2,7,No
L02039,11-50,Finance,16,Yes,3,1,23,Yes
L02040,11-50,Tech,14,No,6,3,11,No
L02041,11-50,Retail,15,No,3,2,19,No
L02042,11-50,Manufacturing,7,No,6,2,7,Yes
L02043,1-10,Manufacturing,10,No,2,0,76,No
L02044,201-1000,Tech,14,No,7,4,34,Yes
L02045,51-200,Healthcare,17,No,2,0,30,No
L02046,51-200,Finance,17,No,6,4,29,No
L02047,201-1000,Retail,9,Yes,5,0,80,Yes
L02048,51-200,Healthcare,15,Yes,9,2,39,Yes
L02049,201-1000,Healthcare,17,No,2,2,6,Yes
L02050,51-200,Manufacturing,7,Yes,9,2,34,Yes
L02051,11-50,Tech,9,Yes,7,0,52,Yes
L02052,1-10,Retail,10,No,5,1,57,No
L02053,11-50,Healthcare,13,Yes,4,1,74,No
L02054,11-50,Manufacturing,15,No,4,1,69,No
L02055,51-200,Healthcare,7,No,5,1,28,No
L02056,51-200,Tech,13,No,9,2,52,Yes
L02057,11-50,Retail,8,No,8,0,88,No
L02058,1-10,Healthcare,15,No,5,5,75,No
L02059,1-10,Finance,14,No,4,2,79,Yes
L02060,51-200,Healthcare,16,Yes,3,5,13,Yes
L02061,51-200,Retail,11,Yes,5,0,40,No
L02062,11-50,Healthcare,9,No,5,2,80,No
L02063,1-10,Healthcare,11,Yes,5,1,45,Yes
L02064,1-10,Healthcare,11,No,3,5,9,No
L02065,1-10,Retail,14,Yes,6,1,87,Yes
L02066,201-1000,Manufacturing,12,No,5,4,64,No
L02067,11-50,Manufacturing,12,Yes,5,0,71,Yes
L02068,11-50,Finance,8,No,6,2,49,Yes
L02069,51-200,Finance,8,No,12,2,68,No
L02070,1-10,Manufacturing,12,Yes,3,1,26,No
L02071,11-50,Finance,10,Yes,7,3,20,Yes
L02072,11-50,Tech,8,No,1,1,26,No
L02073,11-50,Tech,15,Yes,13,4,15,Yes
L02074,1-10,Manufacturing,10,No,4,1,4,No
L02075,11-50,Healthcare,11,Yes,6,1,5,Yes
L02076,1-10,Finance,13,Yes,8,1,41,Yes
L02077,11-50,Healthcare,11,No,6,2,8,No
L02078,11-50,Tech,9,No,1,2,89,No
L02079,1-10,Tech,17,Yes,6,3,43,Yes
L02080,201-1000,Retail,14,No,6,2,65,No
L02081,51-200,Tech,11,No,5,3,52,No
L02082,201-1000,Manufacturing,3,No,7,0,58,Yes
L02083,201-1000,Tech,9,Yes,8,4,34,Yes
L02084,1-10,Retail,8,No,3,2,80,Yes
L02085,1-10,Manufacturing,9,Yes,2,2,83,No
L02086,201-1000,Tech,12,No,4,4,70,Yes
L02087,11-50,Retail,11,No,4,3,46,No
L02088,51-200,Finance,10,No,5,2,11,No
L02089,51-200,Tech,6,No,6,1,37,No
L02090,11-50,Healthcare,13,No,5,3,21,No
L02091,11-50,Healthcare,8,No,6,4,63,No
L02092,1-10,Manufacturing,8,Yes,5,1,36,Yes
L02093,1-10,Tech,16,Yes,6,1,54,Yes
L02094,1-10,Manufacturing,14,Yes,2,6,60,No
L02095,1-10,Tech,18,Yes,3,4,71,Yes
L02096,1-10,Finance,11,No,4,1,29,No
L02097,51-200,Tech,15,No,7,1,71,No
L02098,11-50,Tech,14,Yes,4,1,2,Yes
L02099,51-200,Tech,11,No,5,5,67,Yes
L02100,1-10,Healthcare,18,No,1,0,81,No
L02101,1-10,Manufacturing,12,No,2,4,16,No
L02102,11-50,Tech,8,No,6,2,20,No
L02103,1-10,Retail,11,No,4,5,8,No
L02104,51-200,Healthcare,13,No,7,4,41,No
L02105,11-50,Tech,10,Yes,5,0,70,Yes
L02106,1-10,Manufacturing,12,No,5,2,56,Yes
L02107,51-200,Healthcare,7,Yes,3,3,2,Yes
L02108,1-10,Retail,7,No,6,1,48,No
L02109,51-200,Tech,13,No,8,1,81,No
L02110,11-50,Healthcare,14,Yes,2,1,76,No
L02111,1-10,Healthcare,11,No,6,1,25,No
L02112,11-50,Finance,17,No,7,2,74,Yes
L02113,11-50,Finance,12,No,2,1,17,No
L02114,1-10,Finance,13,Yes,3,2,31,Yes
L02115,11-50,Tech,22,No,7,2,39,No
L02116,11-50,Finance,13,No,4,0,49,No
L02117,51-200,Tech,8,No,2,2,64,Yes
L02118,1-10,Healthcare,20,No,7,2,54,No
L02119,11-50,Retail,14,Yes,3,1,24,Yes
L02120,201-1000,Manufacturing,15,No,3,3,65,Yes
L02121,1-10,Finance,15,No,6,1,35,No
L02122,51-200,Retail,13,Yes,3,4,70,Yes
L02123,11-50,Retail,11,No,7,2,9,Yes
L02124,11-50,Tech,15,Yes,7,3,57,Yes
L02125,1-10,Manufacturing,15,Yes,4,0,66,Yes
L02126,11-50,Retail,7,No,3,1,60,Yes
L02127,11-50,Tech,14,No,7,2,4,Yes
L02128,201-1000,Retail,15,No,3,1,41,No
L02129,51-200,Retail,14,No,4,0,39,No
L02130,201-1000,Retail,16,No,3,1,11,No
L02131,201-1000,Tech,14,No,5,3,77,No
L02132,11-50,Healthcare,14,No,5,2,18,No
L02133,51-200,Manufacturing,14,Yes,5,1,24,Yes
L02134,51-200,Tech,17,Yes,3,1,12,Yes
L02135,1-10,Healthcare,3,No,8,0,62,No
L02136,51-200,Healthcare,14,Yes,8,0,35,Yes
L02137,11-50,Manufacturing,8,Yes,8,2,5,No
L02138,1-10,Manufacturing,13,No,8,2,79,No
L02139,11-50,Tech,22,No,3,3,56,Yes
L02140,51-200,Tech,10,No,6,1,74,No
L02141,51-200,Tech,12,No,4,2,18,No
L02142,1-10,Healthcare,21,No,8,3,15,No
L02143,201-1000,Healthcare,13,No,4,1,47,No
L02144,11-50,Retail,12,No,10,0,57,No
L02145,51-200,Tech,13,Yes,2,1,37,No
L02146,1-10,Healthcare,14,No,4,2,43,No
L02147,11-50,Finance,9,No,1,0,64,No
L02148,1-10,Healthcare,8,Yes,4,4,78,Yes
L02149,11-50,Tech,12,No,6,5,79,No
L02150,11-50,Retail,6,No,3,0,25,No
L02151,11-50,Finance,16,No,5,4,45,Yes
L02152,51-200,Retail,11,No,9,2,85,Yes
L02153,11-50,Manufacturing,10,Yes,5,3,71,Yes
L02154,1-10,Manufacturing,6,No,5,4,22,No
L02155,1-10,Tech,15,No,4,1,76,No
L02156,1-10,Retail,8,No,4,1,55,No
L02157,11-50,Tech,7,No,5,3,20,No
L02158,201-1000,Healthcare,15,Yes,2,1,3,Yes
L02159,11-50,Tech,9,No,3,4,70,No
L02160,51-200,Finance,9,No,7,1,34,No
L02161,11-50,Manufacturing,9,No,8,4,86,Yes
L02162,51-200,Tech,16,No,6,1,63,No
L02163,51-200,Tech,12,No,4,1,43,No
L02164,1-10,Finance,15,Yes,3,3,41,No
L02165,51-200,Manufacturing,9,No,2,6,57,Yes
L02166,11-50,Manufacturing,14,Yes,7,3,78,Yes
L02167,201-1000,Healthcare,7,No,1,2,28,No
L02168,1-10,Finance,9,No,0,3,65,No
L02169,1-10,Healthcare,10,Yes,4,2,50,Yes
L02170,1-10,Manufacturing,8,No,3,1,78,No
L02171,51-200,Tech,12,Yes,3,1,23,Yes
L02172,1-10,Retail,13,No,5,5,80,No
L02173,11-50,Finance,12,No,2,1,70,No
L02174,11-50,Tech,16,Yes,5,2,73,Yes
L02175,11-50,Finance,16,No,4,3,33,No
L02176,1-10,Manufacturing,16,Yes,6,4,88,Yes
L02177,51-200,Finance,13,Yes,8,4,86,Yes
L02178,11-50,Manufacturing,5,No,8,3,29,No
L02179,1-10,Manufacturing,13,No,4,1,14,No
L02180,11-50,Healthcare,11,No,7,0,24,No
L02181,1-10,Manufacturing,15,No,5,1,56,No
L02182,51-200,Retail,12,No,3,2,27,No
L02183,1-10,Tech,15,No,5,2,54,Yes
L02184,51-200,Finance,15,Yes,5,4,82,Yes
L02185,1-10,Manufacturing,11,No,8,0,56,No
L02186,11-50,Retail,9,No,3,3,71,No
L02187,1-10,Retail,11,No,6,1,78,No
L02188,11-50,Retail,11,No,1,3,15,No
L02189,11-50,Retail,9,No,3,1,22,No
L02190,11-50,Manufacturing,12,Yes,6,2,68,Yes
L02191,11-50,Finance,19,Yes,7,3,13,Yes
L02192,11-50,Manufacturing,6,No,11,1,23,Yes
L02193,1-10,Healthcare,7,No,7,1,53,No
L02194,11-50,Tech,10,Yes,5,3,60,Yes
L02195,1-10,Tech,14,No,6,3,7,No
L02196,1-10,Retail,7,No,4,2,16,No
L02197,11-50,Healthcare,13,No,7,3,79,No
L02198,201-1000,Tech,14,No,7,4,22,Yes
L02199,201-1000,Retail,12,Yes,2,4,31,Yes
L02200,201-1000,Finance,6,No,6,3,29,No
L02201,1-10,Tech,10,No,4,2,87,No
L02202,51-200,Tech,7,No,5,2,38,Yes
L02203,1-10,Manufacturing,19,No,3,0,57,No
L02204,51-200,Tech,11,No,4,0,31,No
L02205,51-200,Retail,6,No,3,5,87,No
L02206,11-50,Manufacturing,15,No,5,0,29,No
L02207,201-1000,Finance,9,No,8,3,61,No
L02208,11-50,Healthcare,8,No,8,0,50,No
L02209,11-50,Retail,11,No,2,0,12,No
L02210,11-50,Finance,14,Yes,7,2,37,Yes
L02211,51-200,Manufacturing,14,No,8,1,63,No
L02212,11-50,Manufacturing,20,Yes,8,4,81,Yes
L02213,11-50,Tech,14,No,3,1,42,No
L02214,11-50,Retail,6,No,11,6,52,No
L02215,51-200,Manufacturing,12,No,3,0,4,No
L02216,1-10,Retail,6,No,3,1,15,No
L02217,11-50,Finance,13,No,4,1,88,No
L02218,1-10,Tech,8,Yes,3,2,71,Yes
L02219,1-10,Healthcare,12,No,7,3,70,No
L02220,1-10,Retail,11,Yes,5,0,51,Yes
L02221,11-50,Manufacturing,8,Yes,4,2,57,Yes
L02222,201-1000,Retail,10,No,2,0,26,No
L02223,1-10,Finance,9,No,5,2,73,Yes
L02224,1-10,Manufacturing,8,Yes,2,3,24,Yes
L02225,11-50,Retail,10,No,3,1,20,No
L02226,1-10,Retail,12,No,5,0,22,No
L02227,11-50,Finance,12,Yes,3,2,28,Yes
L02228,11-50,Manufacturing,9,No,8,3,23,No
L02229,1-10,Healthcare,13,No,6,5,16,Yes
L02230,51-200,Healthcare,15,Yes,4,0,63,No
L02231,11-50,Finance,9,No,4,1,34,No
L02232,11-50,Retail,12,Yes,5,6,9,No
L02233,1-10,Healthcare,14,Yes,7,1,1,Yes
L02234,201-1000,Manufacturing,15,Yes,4,2,11,Yes
L02235,1-10,Finance,6,No,5,2,42,No
L02236,11-50,Finance,17,No,2,0,48,No
L02237,1-10,Finance,13,No,3,1,6,No
L02238,1-10,Finance,13,No,4,1,60,No
L02239,1-10,Retail,11,Yes,5,1,76,Yes
L02240,11-50,Manufacturing,14,Yes,6,3,45,Yes
L02241,1-10,Manufacturing,5,No,8,3,88,No
L02242,11-50,Manufacturing,12,Yes,5,1,23,No
L02243,11-50,Finance,11,No,3,5,3,No
L02244,1-10,Retail,8,No,6,1,13,No
L02245,51-200,Healthcare,16,No,4,4,44,Yes
L02246,1-10,Manufacturing,8,Yes,5,1,59,Yes
L02247,11-50,Finance,12,Yes,7,4,83,No
L02248,51-200,Tech,6,No,11,3,53,No
L02249,11-50,Healthcare,14,No,5,1,41,No
L02250,1-10,Retail,9,No,5,4,81,Yes
L02251,1-10,Tech,9,No,6,2,42,No
L02252,1-10,Healthcare,16,Yes,2,2,51,Yes
L02253,1-10,Retail,13,No,5,5,1,No
L02254,11-50,Healthcare,10,No,4,1,84,No
L02255,201-1000,Finance,10,No,8,1,85,Yes
L02256,11-50,Tech,9,No,6,2,11,Yes
L02257,51-200,Tech,7,No,5,3,70,No
L02258,1-10,Finance,12,Yes,5,1,8,No
L02259,201-1000,Tech,16,No,0,0,73,Yes
L02260,11-50,Healthcare,18,No,8,2,73,Yes
L02261,1-10,Manufacturing,9,No,4,4,78,No
L02262,1-10,Manufacturing,10,No,8,2,36,No
L02263,1-10,Retail,12,Yes,3,2,67,Yes
L02264,1-10,Manufacturing,13,No,5,1,52,No
L02265,201-1000,Retail,7,Yes,1,2,66,Yes
L02266,51-200,Healthcare,11,Yes,6,3,74,Yes
L02267,1-10,Healthcare,8,No,5,1,55,No
L02268,11-50,Retail,9,Yes,8,2,19,Yes
L02269,11-50,Manufacturing,7,No,7,0,44,No
L02270,1-10,Tech,14,Yes,5,2,7,No
L02271,201-1000,Tech,11,Yes,5,1,36,Yes
L02272,1-10,Finance,18,Yes,3,0,46,No
L02273,11-50,Tech,15,No,4,2,43,No
L02274,11-50,Retail,12,No,4,1,42,No
L02275,11-50,Manufacturing,9,No,5,3,77,No
L02276,201-1000,Healthcare,21,No,3,1,7,Yes
L02277,51-200,Tech,8,Yes,4,0,23,No
L02278,1-10,Manufacturing,15,Yes,5,3,46,Yes
L02279,51-200,Healthcare,16,Yes,4,0,69,No
L02280,11-50,Manufacturing,10,No,10,3,66,No
L02281,1-10,Tech,12,No,4,2,77,No
L02282,11-50,Tech,11,No,3,1,10,No
L02283,1-10,Tech,14,No,5,2,62,No
L02284,51-200,Manufacturing,11,No,5,0,35,No
L02285,1-10,Retail,17,Yes,3,1,46,No
L02286,1-10,Healthcare,13,Yes,6,1,87,No
L02287,51-200,Finance,8,Yes,6,3,8,Yes
L02288,1-10,Tech,11,No,1,2,16,No
L02289,51-200,Healthcare,14,Yes,4,4,68,Yes
L02290,51-200,Manufacturing,8,No,6,2,47,No
L02291,51-200,Tech,10,No,7,0,42,Yes
L02292,201-1000,Manufacturing,9,No,8,1,41,No
L02293,1-10,Manufacturing,19,No,6,1,9,No
L02294,11-50,Finance,13,No,2,2,6,No
L02295,11-50,Manufacturing,11,Yes,11,0,34,Yes
L02296,1-10,Tech,11,No,8,0,44,No
L02297,201-1000,Healthcare,12,Yes,5,1,73,Yes
L02298,51-200,Manufacturing,16,No,9,4,83,Yes
L02299,51-200,Healthcare,17,Yes,4,0,19,No
L02300,11-50,Tech,10,No,1,3,73,No
L02301,11-50,Finance,13,No,3,2,75,Yes
L02302,1-10,Manufacturing,13,No,4,2,71,No
L02303,1-10,Retail,16,No,7,2,63,Yes
L02304,1-10,Retail,14,No,6,2,50,No
L02305,1-10,Finance,14,No,3,3,81,No
L02306,11-50,Tech,11,Yes,5,1,37,Yes
L02307,1-10,Manufacturing,10,No,3,0,44,No
L02308,201-1000,Retail,19,Yes,2,0,42,Yes
L02309,1-10,Tech,11,Yes,7,1,2,Yes
L02310,11-50,Finance,14,No,4,3,83,No
L02311,51-200,Healthcare,11,No,5,4,89,No
L02312,11-50,Manufacturing,13,No,2,1,49,No
L02313,11-50,Tech,8,Yes,8,1,5,Yes
L02314,51-200,Retail,11,No,2,3,85,No
L02315,11-50,Manufacturing,16,Yes,3,1,72,Yes
L02316,1-10,Healthcare,13,No,5,3,22,No
L02317,201-1000,Retail,8,No,6,1,62,No
L02318,51-200,Manufacturing,13,No,5,2,34,Yes
L02319,51-200,Healthcare,13,No,1,2,36,No
L02320,1-10,Retail,13,No,4,2,11,No
L02321,11-50,Finance,11,Yes,4,3,57,Yes
L02322,1-10,Healthcare,11,Yes,7,1,11,Yes
L02323,1-10,Retail,10,Yes,3,3,72,Yes
L02324,201-1000,Healthcare,8,Yes,4,2,10,Yes
L02325,11-50,Manufacturing,16,Yes,7,2,55,Yes
L02326,1-10,Finance,17,Yes,7,3,21,Yes
L02327,51-200,Retail,8,No,3,2,11,No
L02328,11-50,Manufacturing,10,No,4,4,82,No
L02329,51-200,Retail,16,No,6,1,78,No
L02330,1-10,Retail,10,No,3,2,13,No
L02331,11-50,Retail,13,No,0,2,42,No
L02332,11-50,Tech,18,No,5,2,86,Yes
L02333,1-10,Manufacturing,10,No,5,1,36,No
L02334,1-10,Healthcare,8,No,3,2,69,No
L02335,51-200,Healthcare,7,No,2,1,67,No
L02336,51-200,Healthcare,11,No,2,4,19,No
L02337,11-50,Tech,7,No,6,3,80,No
L02338,1-10,Retail,10,No,5,2,80,No
L02339,11-50,Retail,6,No,5,1,69,Yes
L02340,11-50,Healthcare,7,Yes,7,2,45,Yes
L02341,1-10,Tech,17,Yes,5,2,83,Yes
L02342,11-50,Finance,16,Yes,4,2,86,Yes
L02343,51-200,Healthcare,12,Yes,1,0,33,No
L02344,201-1000,Finance,12,No,2,3,3,No
L02345,51-200,Retail,10,Yes,3,3,11,Yes
L02346,1-10,Retail,11,No,8,0,58,Yes
L02347,11-50,Tech,16,Yes,7,0,27,Yes
L02348,1-10,Finance,12,Yes,8,1,63,No
L02349,1-10,Manufacturing,14,No,3,0,11,No
L02350,11-50,Manufacturing,11,Yes,2,2,10,Yes
L02351,1-10,Healthcare,14,No,5,3,65,No
L02352,1-10,Retail,10,Yes,4,0,29,Yes
L02353,11-50,Retail,7,No,7,5,51,No
L02354,201-1000,Tech,13,Yes,5,1,62,Yes
L02355,51-200,Manufacturing,12,No,4,1,48,No
L02356,1-10,Tech,15,No,4,3,33,Yes
L02357,1-10,Retail,14,No,9,1,9,No
L02358,1-10,Retail,9,Yes,6,1,36,Yes
L02359,11-50,Finance,10,No,4,4,23,No
L02360,201-1000,Finance,14,Yes,4,3,12,No
L02361,1-10,Healthcare,17,No,5,2,38,No
L02362,51-200,Retail,10,Yes,2,3,30,Yes
L02363,11-50,Tech,6,No,4,0,5,No
L02364,11-50,Retail,13,No,4,1,84,No
L02365,51-200,Manufacturing,16,No,4,0,68,No
L02366,11-50,Retail,20,Yes,7,1,33,Yes
L02367,11-50,Manufacturing,10,Yes,2,1,78,No
L02368,51-200,Healthcare,14,No,2,1,84,No
L02369,1-10,Finance,21,Yes,4,2,17,Yes
L02370,1-10,Tech,13,Yes,3,2,45,No
L02371,11-50,Finance,14,No,4,2,77,Yes
L02372,11-50,Healthcare,8,No,3,1,32,No
L02373,11-50,Healthcare,10,No,1,1,16,No
L02374,1-10,Tech,14,No,4,3,87,No
L02375,51-200,Retail,14,No,6,5,31,No
L02376,11-50,Healthcare,17,No,6,5,70,Yes
L02377,11-50,Manufacturing,13,Yes,10,0,41,No
L02378,51-200,Manufacturing,12,No,4,2,31,No
L02379,51-200,Finance,12,Yes,7,0,33,Yes
L02380,51-200,Finance,5,No,9,4,83,Yes
L02381,201-1000,Tech,14,Yes,3,0,82,Yes
L02382,1-10,Retail,17,Yes,8,1,79,Yes
L02383,11-50,Healthcare,11,Yes,5,1,42,Yes
L02384,51-200,Healthcare,13,No,5,4,18,No
L02385,201-1000,Finance,21,No,5,0,12,Yes
L02386,1-10,Tech,10,Yes,2,5,74,Yes
L02387,51-200,Finance,13,No,5,2,42,No
L02388,1-10,Finance,11,No,1,1,19,No
L02389,11-50,Retail,14,Yes,2,4,40,No
L02390,51-200,Retail,13,Yes,3,2,55,Yes
L02391,51-200,Healthcare,9,No,3,2,23,Yes
L02392,1-10,Retail,14,Yes,5,4,13,Yes
L02393,1-10,Retail,11,Yes,5,1,63,No
L02394,201-1000,Tech,20,No,5,3,24,Yes
L02395,11-50,Manufacturing,6,No,4,2,39,No
L02396,11-50,Finance,13,Yes,6,1,19,No
L02397,1-10,Tech,12,No,4,2,87,Yes
L02398,11-50,Tech,9,No,5,0,7,No
L02399,1-10,Retail,13,No,8,5,25,No
L02400,1-10,Tech,6,No,7,1,39,Yes
L02401,1-10,Manufacturing,10,Yes,7,3,4,Yes
L02402,11-50,Retail,14,Yes,7,2,82,Yes
L02403,11-50,Tech,13,No,6,4,48,No
L02404,11-50,Retail,8,No,5,6,50,No
L02405,11-50,Retail,13,No,2,1,57,No
L02406,11-50,Tech,7,No,2,1,23,No
L02407,51-200,Manufacturing,10,Yes,3,1,78,Yes
L02408,201-1000,Retail,8,No,7,3,65,No
L02409,51-200,Healthcare,12,No,4,3,11,No
L02410,1-10,Retail,18,Yes,5,1,64,Yes
L02411,11-50,Manufacturing,14,No,8,1,88,No
L02412,51-200,Manufacturing,10,No,5,3,76,No
L02413,11-50,Tech,18,No,4,1,81,Yes
L02414,11-50,Finance,14,Yes,6,4,31,Yes
L02415,51-200,Finance,15,Yes,4,2,35,Yes
L02416,51-200,Retail,7,No,3,2,40,No
L02417,51-200,Healthcare,8,Yes,8,1,44,Yes
L02418,1-10,Healthcare,21,No,2,0,84,No
L02419,1-10,Manufacturing,15,Yes,7,4,67,Yes
L02420,51-200,Tech,8,No,2,3,66,No
L02421,11-50,Finance,10,No,3,1,87,No
L02422,1-10,Retail,16,No,7,2,73,No
L02423,1-10,Healthcare,12,No,2,7,88,No
L02424,1-10,Tech,13,No,5,1,11,No
L02425,11-50,Manufacturing,12,No,6,0,79,No
L02426,11-50,Finance,13,No,6,2,38,No
L02427,51-200,Tech,3,No,1,2,36,Yes
L02428,1-10,Healthcare,18,No,2,3,42,Yes
L02429,11-50,Manufacturing,13,No,7,0,44,No
L02430,1-10,Finance,9,Yes,9,3,67,Yes
L02431,51-200,Tech,15,No,5,1,74,No
L02432,1-10,Manufacturing,15,Yes,4,3,29,No
L02433,1-10,Tech,11,No,4,3,12,Yes
L02434,51-200,Tech,15,No,4,3,21,No
L02435,11-50,Manufacturing,14,No,11,2,45,No
L02436,11-50,Tech,9,No,5,1,62,No
L02437,1-10,Tech,7,Yes,7,5,2,Yes
L02438,1-10,Retail,8,Yes,2,2,22,Yes
L02439,11-50,Retail,11,No,8,3,79,Yes
L02440,1-10,Finance,11,No,4,2,19,No
L02441,11-50,Tech,7,No,5,2,2,No
L02442,1-10,Tech,7,Yes,6,2,86,Yes
L02443,11-50,Healthcare,11,No,4,0,22,No
L02444,1-10,Manufacturing,16,No,9,3,47,No
L02445,11-50,Healthcare,14,Yes,3,3,86,No
L02446,11-50,Finance,16,No,7,2,43,Yes
L02447,51-200,Tech,13,No,4,3,79,No
L02448,51-200,Manufacturing,10,No,4,0,51,No
L02449,1-10,Finance,11,No,5,1,38,No
L02450,11-50,Retail,10,Yes,4,2,24,No
L02451,51-200,Finance,6,No,8,1,80,No
L02452,51-200,Manufacturing,13,No,2,3,23,No
L02453,1-10,Manufacturing,10,Yes,2,1,66,Yes
L02454,1-10,Tech,13,No,3,1,7,No
L02455,11-50,Retail,11,Yes,3,3,71,No
L02456,11-50,Manufacturing,12,No,3,2,3,No
L02457,1-10,Tech,13,No,8,7,35,Yes
L02458,1-10,Manufacturing,11,Yes,1,3,41,Yes
L02459,11-50,Tech,12,No,3,3,71,No
L02460,51-200,Tech,11,No,4,3,89,No
L02461,1-10,Finance,11,No,5,3,41,Yes
L02462,51-200,Finance,7,No,4,0,83,No
L02463,51-200,Finance,12,No,1,1,21,No
L02464,1-10,Finance,11,Yes,9,2,67,Yes
L02465,51-200,Tech,14,Yes,5,2,29,Yes
L02466,1-10,Finance,18,No,6,1,82,No
L02467,11-50,Manufacturing,9,No,5,1,61,No
L02468,1-10,Retail,13,Yes,7,4,45,Yes
L02469,11-50,Tech,14,No,6,1,66,No
L02470,1-10,Finance,10,No,5,2,46,Yes
L02471,51-200,Healthcare,23,No,10,4,24,No
L02472,51-200,Tech,10,Yes,5,2,77,Yes
L02473,11-50,Finance,18,Yes,5,1,52,Yes
L02474,11-50,Retail,6,Yes,10,2,50,Yes
L02475,201-1000,Healthcare,9,No,6,1,13,Yes
L02476,1-10,Healthcare,13,Yes,8,2,75,Yes
L02477,11-50,Finance,17,No,3,0,33,No
L02478,11-50,Healthcare,15,Yes,5,3,22,Yes
L02479,51-200,Healthcare,20,No,4,1,48,No
L02480,1-10,Retail,15,No,13,0,89,No
L02481,11-50,Manufacturing,9,Yes,6,3,5,Yes
L02482,1-10,Healthcare,10,No,8,0,66,No
L02483,51-200,Tech,8,No,4,1,9,No
L02484,51-200,Manufacturing,8,No,3,2,64,Yes
L02485,51-200,Manufacturing,8,No,3,0,16,No
L02486,11-50,Finance,9,Yes,5,2,35,No
L02487,1-10,Healthcare,11,No,5,2,2,Yes
L02488,51-200,Finance,13,Yes,3,2,42,Yes
L02489,1-10,Manufacturing,8,No,3,3,33,No
L02490,1-10,Finance,9,No,7,1,52,No
L02491,1-10,Finance,13,No,5,3,71,No
L02492,11-50,Manufacturing,15,No,5,5,12,Yes
L02493,51-200,Retail,8,Yes,7,0,21,Yes
L02494,201-1000,Finance,12,Yes,7,2,70,Yes
L02495,11-50,Retail,12,Yes,7,1,82,Yes
L02496,1-10,Finance,12,Yes,7,2,27,Yes
L02497,51-200,Retail,6,No,5,2,43,Yes
L02498,1-10,Manufacturing,12,No,5,2,20,No
L02499,1-10,Tech,11,Yes,2,1,48,No
L02500,1-10,Tech,12,No,3,1,71,No
